createAt,manageObject,M8076C0
2025-05-06T14:00:00.000-04:00:00,NE-MRBTS-660701,25267136
2025-05-06T14:15:00.000-04:00:00,NE-MRBTS-660701,22297147
2025-05-06T14:30:00.000-04:00:00,NE-MRBTS-660701,26944989
2025-05-06T15:00:00.000-04:00:00,NE-MRBTS-660701,22852784
2025-05-06T15:15:00.000-04:00:00,NE-MRBTS-660701,20249140
2025-05-06T15:30:00.000-04:00:00,NE-MRBTS-660701,18576019
2025-05-06T15:45:00.000-04:00:00,NE-MRBTS-660701,22479558
2025-05-06T16:00:00.000-04:00:00,NE-MRBTS-660701,21370234
2025-05-06T16:15:00.000-04:00:00,NE-MRBTS-660701,24164074
2025-05-06T16:30:00.000-04:00:00,NE-MRBTS-660701,23602458
2025-05-06T16:45:00.000-04:00:00,NE-MRBTS-660701,18955817
2025-05-06T17:00:00.000-04:00:00,NE-MRBTS-660701,22864225
2025-05-06T17:15:00.000-04:00:00,NE-MRBTS-660701,27144127
2025-05-06T17:30:00.000-04:00:00,NE-MRBTS-660701,24539938
2025-05-06T17:45:00.000-04:00:00,NE-MRBTS-660701,21383564
2025-05-06T18:00:00.000-04:00:00,NE-MRBTS-660701,21201451
2025-05-06T18:15:00.000-04:00:00,NE-MRBTS-660701,21757234
2025-05-06T18:30:00.000-04:00:00,NE-MRBTS-660701,24178298
2025-05-06T18:45:00.000-04:00:00,NE-MRBTS-660701,25298487
2025-05-06T19:00:00.000-04:00:00,NE-MRBTS-660701,20461747
2025-05-06T19:15:00.000-04:00:00,NE-MRBTS-660701,23064532
2025-05-06T19:30:00.000-04:00:00,NE-MRBTS-660701,20458620
2025-05-06T19:45:00.000-04:00:00,NE-MRBTS-660701,22133735
2025-05-06T20:00:00.000-04:00:00,NE-MRBTS-660701,26412198
2025-05-06T20:15:00.000-04:00:00,NE-MRBTS-660701,26040950
2025-05-06T20:30:00.000-04:00:00,NE-MRBTS-660701,22882845
2025-05-06T20:45:00.000-04:00:00,NE-MRBTS-660701,20462827
2025-05-06T21:00:00.000-04:00:00,NE-MRBTS-660701,18043551
2025-05-06T21:15:00.000-04:00:00,NE-MRBTS-660701,28276836
2025-05-06T21:30:00.000-04:00:00,NE-MRBTS-660701,25297642
2025-05-06T21:45:00.000-04:00:00,NE-MRBTS-660701,21763816
2025-05-06T22:00:00.000-04:00:00,NE-MRBTS-660701,22318134
2025-05-06T22:15:00.000-04:00:00,NE-MRBTS-660701,29950728
2025-05-06T22:30:00.000-04:00:00,NE-MRBTS-660701,24553860
2025-05-06T22:45:00.000-04:00:00,NE-MRBTS-660701,21947733
2025-05-06T23:00:00.000-04:00:00,NE-MRBTS-660701,21576956
2025-05-06T23:15:00.000-04:00:00,NE-MRBTS-660701,23070550
2025-05-06T23:30:00.000-04:00:00,NE-MRBTS-660701,24371095
2025-05-06T23:45:00.000-04:00:00,NE-MRBTS-660701,18419797
2025-05-07T00:00:00.000-04:00:00,NE-MRBTS-660701,18417849
2025-05-07T00:15:00.000-04:00:00,NE-MRBTS-660701,15812709
2025-05-07T00:30:00.000-04:00:00,NE-MRBTS-660701,22881515
2025-05-07T00:45:00.000-04:00:00,NE-MRBTS-660701,21953300
2025-05-07T01:00:00.000-04:00:00,NE-MRBTS-660701,21395563
2025-05-07T01:15:00.000-04:00:00,NE-MRBTS-660701,22140975
2025-05-07T01:30:00.000-04:00:00,NE-MRBTS-660701,20093708
2025-05-07T01:45:00.000-04:00:00,NE-MRBTS-660701,24371256
2025-05-07T02:00:00.000-04:00:00,NE-MRBTS-660701,22514224
2025-05-07T02:15:00.000-04:00:00,NE-MRBTS-660701,21584939
2025-05-07T02:30:00.000-04:00:00,NE-MRBTS-660701,26971780
2025-05-07T02:45:00.000-04:00:00,NE-MRBTS-660701,20462209
2025-05-07T03:00:00.000-04:00:00,NE-MRBTS-660701,27160177
2025-05-07T03:15:00.000-04:00:00,NE-MRBTS-660701,24741212
2025-05-07T03:30:00.000-04:00:00,NE-MRBTS-660701,22133365
2025-05-07T03:45:00.000-04:00:00,NE-MRBTS-660701,19345806
2025-05-07T04:00:00.000-04:00:00,NE-MRBTS-660701,22881724
2025-05-07T04:15:00.000-04:00:00,NE-MRBTS-660701,18044066
2025-05-07T04:30:00.000-04:00:00,NE-MRBTS-660701,18788955
2025-05-07T04:45:00.000-04:00:00,NE-MRBTS-660701,23443871
2025-05-07T05:00:00.000-04:00:00,NE-MRBTS-660701,19537939
2025-05-07T05:15:00.000-04:00:00,NE-MRBTS-660701,24935808
2025-05-07T05:30:00.000-04:00:00,NE-MRBTS-660701,18050611
2025-05-07T05:45:00.000-04:00:00,NE-MRBTS-660701,22328894
2025-05-07T06:00:00.000-04:00:00,NE-MRBTS-660701,24562400
2025-05-07T06:15:00.000-04:00:00,NE-MRBTS-660701,19910686
2025-05-07T06:30:00.000-04:00:00,NE-MRBTS-660701,25309502
2025-05-07T06:45:00.000-04:00:00,NE-MRBTS-660701,24004669
2025-05-07T07:00:00.000-04:00:00,NE-MRBTS-660701,18980006
2025-05-07T07:15:00.000-04:00:00,NE-MRBTS-660701,21396407
2025-05-07T07:30:00.000-04:00:00,NE-MRBTS-660701,20836641
2025-05-07T07:45:00.000-04:00:00,NE-MRBTS-660701,22514509
2025-05-07T08:00:00.000-04:00:00,NE-MRBTS-660701,21952335
2025-05-07T08:15:00.000-04:00:00,NE-MRBTS-660701,21764230
2025-05-07T08:30:00.000-04:00:00,NE-MRBTS-660701,25488602
2025-05-07T08:45:00.000-04:00:00,NE-MRBTS-660701,22136406
2025-05-07T09:00:00.000-04:00:00,NE-MRBTS-660701,18601513
2025-05-07T09:15:00.000-04:00:00,NE-MRBTS-660701,24731815
2025-05-07T09:30:00.000-04:00:00,NE-MRBTS-660701,18783243
2025-05-07T09:45:00.000-04:00:00,NE-MRBTS-660701,23620854
2025-05-07T10:00:00.000-04:00:00,NE-MRBTS-660701,21947390
2025-05-07T10:15:00.000-04:00:00,NE-MRBTS-660701,23804490
2025-05-07T10:30:00.000-04:00:00,NE-MRBTS-660701,26974064
2025-05-07T10:45:00.000-04:00:00,NE-MRBTS-660701,24737236
2025-05-07T11:00:00.000-04:00:00,NE-MRBTS-660701,21949325
2025-05-07T11:15:00.000-04:00:00,NE-MRBTS-660701,23061097
2025-05-07T11:30:00.000-04:00:00,NE-MRBTS-660701,23612706
2025-05-07T11:45:00.000-04:00:00,NE-MRBTS-660701,21572385
2025-05-07T12:00:00.000-04:00:00,NE-MRBTS-660701,22496820
2025-05-07T12:15:00.000-04:00:00,NE-MRBTS-660701,22688247
2025-05-07T12:30:00.000-04:00:00,NE-MRBTS-660701,23617108
2025-05-07T12:45:00.000-04:00:00,NE-MRBTS-660701,24730331
2025-05-07T13:00:00.000-04:00:00,NE-MRBTS-660701,23249754
2025-05-07T13:15:00.000-04:00:00,NE-MRBTS-660701,22686844
2025-05-07T13:30:00.000-04:00:00,NE-MRBTS-660701,22310875
2025-05-07T13:45:00.000-04:00:00,NE-MRBTS-660701,23423137
2025-05-07T14:00:00.000-04:00:00,NE-MRBTS-660701,24156546
2025-05-07T14:15:00.000-04:00:00,NE-MRBTS-660701,25834239
2025-05-07T14:30:00.000-04:00:00,NE-MRBTS-660701,24168910
2025-05-07T14:45:00.000-04:00:00,NE-MRBTS-660701,24540034
2025-05-07T15:00:00.000-04:00:00,NE-MRBTS-660701,26034330
2025-05-07T15:15:00.000-04:00:00,NE-MRBTS-660701,18594726
2025-05-07T15:30:00.000-04:00:00,NE-MRBTS-660701,23800515
2025-05-07T15:45:00.000-04:00:00,NE-MRBTS-660701,25103423
2025-05-07T16:00:00.000-04:00:00,NE-MRBTS-660701,20084131
2025-05-07T16:15:00.000-04:00:00,NE-MRBTS-660701,18225265
2025-05-07T16:30:00.000-04:00:00,NE-MRBTS-660701,23613305
2025-05-07T16:45:00.000-04:00:00,NE-MRBTS-660701,18034644
2025-05-07T17:00:00.000-04:00:00,NE-MRBTS-660701,18221933
2025-05-07T17:15:00.000-04:00:00,NE-MRBTS-660701,25289231
2025-05-07T17:30:00.000-04:00:00,NE-MRBTS-660701,20267740
2025-05-07T17:45:00.000-04:00:00,NE-MRBTS-660701,27339871
2025-05-07T18:00:00.000-04:00:00,NE-MRBTS-660701,25668200
2025-05-07T18:15:00.000-04:00:00,NE-MRBTS-660701,23623729
2025-05-07T18:30:00.000-04:00:00,NE-MRBTS-660701,23437538
2025-05-07T18:45:00.000-04:00:00,NE-MRBTS-660701,28460528
2025-05-07T19:00:00.000-04:00:00,NE-MRBTS-660701,25481442
2025-05-07T19:15:00.000-04:00:00,NE-MRBTS-660701,21205648
2025-05-07T19:30:00.000-04:00:00,NE-MRBTS-660701,20831347
2025-05-07T19:45:00.000-04:00:00,NE-MRBTS-660701,21765056
2025-05-07T20:00:00.000-04:00:00,NE-MRBTS-660701,19162962
2025-05-07T20:15:00.000-04:00:00,NE-MRBTS-660701,24375531
2025-05-07T20:30:00.000-04:00:00,NE-MRBTS-660701,21771289
2025-05-07T20:45:00.000-04:00:00,NE-MRBTS-660701,18794330
2025-05-07T21:00:00.000-04:00:00,NE-MRBTS-660701,24743382
2025-05-07T21:15:00.000-04:00:00,NE-MRBTS-660701,22148348
2025-05-07T21:30:00.000-04:00:00,NE-MRBTS-660701,19354277
2025-05-07T21:45:00.000-04:00:00,NE-MRBTS-660701,21963534
2025-05-07T22:00:00.000-04:00:00,NE-MRBTS-660701,22338227
2025-05-07T22:15:00.000-04:00:00,NE-MRBTS-660701,22894911
2025-05-07T22:30:00.000-04:00:00,NE-MRBTS-660701,23074421
2025-05-07T22:45:00.000-04:00:00,NE-MRBTS-660701,23081050
2025-05-07T23:00:00.000-04:00:00,NE-MRBTS-660701,26052060
2025-05-07T23:15:00.000-04:00:00,NE-MRBTS-660701,23630629
2025-05-07T23:30:00.000-04:00:00,NE-MRBTS-660701,23450766
2025-05-07T23:45:00.000-04:00:00,NE-MRBTS-660701,22147221
2025-05-08T00:00:00.000-04:00:00,NE-MRBTS-660701,18053090
2025-05-08T00:15:00.000-04:00:00,NE-MRBTS-660701,20286630
2025-05-08T00:30:00.000-04:00:00,NE-MRBTS-660701,21775159
2025-05-08T00:45:00.000-04:00:00,NE-MRBTS-660701,18241510
2025-05-08T01:00:00.000-04:00:00,NE-MRBTS-660701,19540700
2025-05-08T01:15:00.000-04:00:00,NE-MRBTS-660701,18234172
2025-05-08T01:30:00.000-04:00:00,NE-MRBTS-660701,21589672
2025-05-08T01:45:00.000-04:00:00,NE-MRBTS-660701,20844641
2025-05-08T02:00:00.000-04:00:00,NE-MRBTS-660701,25306248
2025-05-08T02:15:00.000-04:00:00,NE-MRBTS-660701,22512530
2025-05-08T02:30:00.000-04:00:00,NE-MRBTS-660701,23070767
2025-05-08T02:45:00.000-04:00:00,NE-MRBTS-660701,25126099
2025-05-08T03:00:00.000-04:00:00,NE-MRBTS-660701,25676016
2025-05-08T03:15:00.000-04:00:00,NE-MRBTS-660701,27347769
2025-05-08T03:30:00.000-04:00:00,NE-MRBTS-660701,28465962
2025-05-08T03:45:00.000-04:00:00,NE-MRBTS-660701,23446501
2025-05-08T04:00:00.000-04:00:00,NE-MRBTS-660701,26244456
2025-05-08T04:15:00.000-04:00:00,NE-MRBTS-660701,24188692
2025-05-08T04:30:00.000-04:00:00,NE-MRBTS-660701,17305689
2025-05-08T04:45:00.000-04:00:00,NE-MRBTS-660701,21030877
2025-05-08T05:00:00.000-04:00:00,NE-MRBTS-660701,21776139
2025-05-08T05:15:00.000-04:00:00,NE-MRBTS-660701,21214781
2025-05-08T05:30:00.000-04:00:00,NE-MRBTS-660701,25493362
2025-05-08T05:45:00.000-04:00:00,NE-MRBTS-660701,25122453
2025-05-08T06:00:00.000-04:00:00,NE-MRBTS-660701,22704471
2025-05-08T06:15:00.000-04:00:00,NE-MRBTS-660701,20470027
2025-05-08T06:30:00.000-04:00:00,NE-MRBTS-660701,26796133
2025-05-08T06:45:00.000-04:00:00,NE-MRBTS-660701,24377274
2025-05-08T07:00:00.000-04:00:00,NE-MRBTS-660701,23439965
2025-05-08T07:15:00.000-04:00:00,NE-MRBTS-660701,17299822
2025-05-08T07:30:00.000-04:00:00,NE-MRBTS-660701,19164414
2025-05-08T07:45:00.000-04:00:00,NE-MRBTS-660701,23449688
2025-05-08T08:00:00.000-04:00:00,NE-MRBTS-660701,22516307
2025-05-08T08:15:00.000-04:00:00,NE-MRBTS-660701,24381684
2025-05-08T08:30:00.000-04:00:00,NE-MRBTS-660701,23263408
2025-05-08T08:45:00.000-04:00:00,NE-MRBTS-660701,19167857
2025-05-08T09:00:00.000-04:00:00,NE-MRBTS-660701,20101118
2025-05-08T09:15:00.000-04:00:00,NE-MRBTS-660701,23444778
2025-05-08T09:30:00.000-04:00:00,NE-MRBTS-660701,26801947
2025-05-08T09:45:00.000-04:00:00,NE-MRBTS-660701,17865606
2025-05-08T10:00:00.000-04:00:00,NE-MRBTS-660701,20843618
2025-05-08T10:15:00.000-04:00:00,NE-MRBTS-660701,24378012
2025-05-08T10:30:00.000-04:00:00,NE-MRBTS-660701,21401828
2025-05-08T10:45:00.000-04:00:00,NE-MRBTS-660701,26235751
2025-05-08T11:00:00.000-04:00:00,NE-MRBTS-660701,22699372
2025-05-08T11:15:00.000-04:00:00,NE-MRBTS-660701,25306304
2025-05-08T11:30:00.000-04:00:00,NE-MRBTS-660701,24186280
2025-05-08T11:45:00.000-04:00:00,NE-MRBTS-660701,25499837
2025-05-08T12:00:00.000-04:00:00,NE-MRBTS-660701,21775757
2025-05-08T12:15:00.000-04:00:00,NE-MRBTS-660701,19727292
2025-05-08T12:30:00.000-04:00:00,NE-MRBTS-660701,19353483
2025-05-08T12:45:00.000-04:00:00,NE-MRBTS-660701,25120057
2025-05-08T13:00:00.000-04:00:00,NE-MRBTS-660701,28093743
2025-05-08T13:15:00.000-04:00:00,NE-MRBTS-660701,25679168
2025-05-08T13:30:00.000-04:00:00,NE-MRBTS-660701,24000204
2025-05-08T13:45:00.000-04:00:00,NE-MRBTS-660701,25129927
2025-05-08T14:00:00.000-04:00:00,NE-MRBTS-660701,25119858
2025-05-08T14:15:00.000-04:00:00,NE-MRBTS-660701,25857462
2025-05-08T14:30:00.000-04:00:00,NE-MRBTS-660701,22321575
2025-05-08T14:45:00.000-04:00:00,NE-MRBTS-660701,25857123
2025-05-08T15:00:00.000-04:00:00,NE-MRBTS-660701,22875894
2025-05-08T15:15:00.000-04:00:00,NE-MRBTS-660701,19527665
2025-05-08T15:30:00.000-04:00:00,NE-MRBTS-660701,20274054
2025-05-06T15:00:00.000-03:00:00,NE-MRBTS-414225,1558824
2025-05-06T15:15:00.000-03:00:00,NE-MRBTS-414225,1946687
2025-05-06T15:30:00.000-03:00:00,NE-MRBTS-414225,1859899
2025-05-06T16:00:00.000-03:00:00,NE-MRBTS-414225,1933532
2025-05-06T16:15:00.000-03:00:00,NE-MRBTS-414225,1587219
2025-05-06T16:30:00.000-03:00:00,NE-MRBTS-414225,2147031
2025-05-06T16:45:00.000-03:00:00,NE-MRBTS-414225,1471778
2025-05-06T17:00:00.000-03:00:00,NE-MRBTS-414225,1823322
2025-05-06T17:15:00.000-03:00:00,NE-MRBTS-414225,1691418
2025-05-06T17:30:00.000-03:00:00,NE-MRBTS-414225,1760753
2025-05-06T17:45:00.000-03:00:00,NE-MRBTS-414225,2032526
2025-05-06T18:00:00.000-03:00:00,NE-MRBTS-414225,2194803
2025-05-06T18:15:00.000-03:00:00,NE-MRBTS-414225,2015077
2025-05-06T18:30:00.000-03:00:00,NE-MRBTS-414225,1822572
2025-05-06T18:45:00.000-03:00:00,NE-MRBTS-414225,1502271
2025-05-06T19:00:00.000-03:00:00,NE-MRBTS-414225,1607498
2025-05-06T19:15:00.000-03:00:00,NE-MRBTS-414225,1675229
2025-05-06T19:30:00.000-03:00:00,NE-MRBTS-414225,1835429
2025-05-06T19:45:00.000-03:00:00,NE-MRBTS-414225,1749130
2025-05-06T20:00:00.000-03:00:00,NE-MRBTS-414225,1840155
2025-05-06T20:15:00.000-03:00:00,NE-MRBTS-414225,1633040
2025-05-06T20:30:00.000-03:00:00,NE-MRBTS-414225,1561193
2025-05-06T20:45:00.000-03:00:00,NE-MRBTS-414225,1840736
2025-05-06T21:00:00.000-03:00:00,NE-MRBTS-414225,1601777
2025-05-06T21:15:00.000-03:00:00,NE-MRBTS-414225,1924975
2025-05-06T21:30:00.000-03:00:00,NE-MRBTS-414225,1922648
2025-05-06T21:45:00.000-03:00:00,NE-MRBTS-414225,1885274
2025-05-06T22:00:00.000-03:00:00,NE-MRBTS-414225,1972738
2025-05-06T22:15:00.000-03:00:00,NE-MRBTS-414225,1454513
2025-05-06T22:30:00.000-03:00:00,NE-MRBTS-414225,2011402
2025-05-06T22:45:00.000-03:00:00,NE-MRBTS-414225,2111062
2025-05-06T23:00:00.000-03:00:00,NE-MRBTS-414225,2096707
2025-05-06T23:15:00.000-03:00:00,NE-MRBTS-414225,1717187
2025-05-06T23:30:00.000-03:00:00,NE-MRBTS-414225,2026538
2025-05-06T23:45:00.000-03:00:00,NE-MRBTS-414225,2102412
2025-05-07T00:00:00.000-03:00:00,NE-MRBTS-414225,2188542
2025-05-07T00:15:00.000-03:00:00,NE-MRBTS-414225,1766278
2025-05-07T00:30:00.000-03:00:00,NE-MRBTS-414225,1962861
2025-05-07T00:45:00.000-03:00:00,NE-MRBTS-414225,1845853
2025-05-07T01:00:00.000-03:00:00,NE-MRBTS-414225,1841187
2025-05-07T01:15:00.000-03:00:00,NE-MRBTS-414225,1232329
2025-05-07T01:30:00.000-03:00:00,NE-MRBTS-414225,1890648
2025-05-07T01:45:00.000-03:00:00,NE-MRBTS-414225,2048817
2025-05-07T02:00:00.000-03:00:00,NE-MRBTS-414225,1988786
2025-05-07T02:15:00.000-03:00:00,NE-MRBTS-414225,1860900
2025-05-07T02:30:00.000-03:00:00,NE-MRBTS-414225,1631046
2025-05-07T02:45:00.000-03:00:00,NE-MRBTS-414225,2029169
2025-05-07T03:00:00.000-03:00:00,NE-MRBTS-414225,1782377
2025-05-07T03:15:00.000-03:00:00,NE-MRBTS-414225,1599945
2025-05-07T03:30:00.000-03:00:00,NE-MRBTS-414225,2209836
2025-05-07T03:45:00.000-03:00:00,NE-MRBTS-414225,2058557
2025-05-07T04:00:00.000-03:00:00,NE-MRBTS-414225,2220972
2025-05-07T04:15:00.000-03:00:00,NE-MRBTS-414225,1914502
2025-05-07T04:30:00.000-03:00:00,NE-MRBTS-414225,1697923
2025-05-08T10:00:00.000-03:00:00,NE-MRBTS-414225,1434216
2025-05-08T10:15:00.000-03:00:00,NE-MRBTS-414225,1590458
2025-05-08T10:30:00.000-03:00:00,NE-MRBTS-414225,1738346
2025-05-08T10:45:00.000-03:00:00,NE-MRBTS-414225,2073098
2025-05-08T11:00:00.000-03:00:00,NE-MRBTS-414225,2044225
2025-05-08T11:15:00.000-03:00:00,NE-MRBTS-414225,1859618
2025-05-08T11:30:00.000-03:00:00,NE-MRBTS-414225,1792736
2025-05-08T11:45:00.000-03:00:00,NE-MRBTS-414225,1803218
2025-05-08T12:00:00.000-03:00:00,NE-MRBTS-414225,2399552
2025-05-08T12:15:00.000-03:00:00,NE-MRBTS-414225,2133621
2025-05-08T12:30:00.000-03:00:00,NE-MRBTS-414225,2057052
2025-05-08T12:45:00.000-03:00:00,NE-MRBTS-414225,1531138
2025-05-08T13:00:00.000-03:00:00,NE-MRBTS-414225,1574605
2025-05-08T13:15:00.000-03:00:00,NE-MRBTS-414225,1575401
2025-05-08T13:30:00.000-03:00:00,NE-MRBTS-414225,1793060
2025-05-08T13:45:00.000-03:00:00,NE-MRBTS-414225,1880468
2025-05-08T14:00:00.000-03:00:00,NE-MRBTS-414225,1820920
2025-05-08T14:15:00.000-03:00:00,NE-MRBTS-414225,1919990
2025-05-08T14:30:00.000-03:00:00,NE-MRBTS-414225,1638862
2025-05-08T14:45:00.000-03:00:00,NE-MRBTS-414225,1646038
2025-05-08T15:00:00.000-03:00:00,NE-MRBTS-414225,2060771
2025-05-08T15:15:00.000-03:00:00,NE-MRBTS-414225,1732944
2025-05-08T15:30:00.000-03:00:00,NE-MRBTS-414225,2145765
2025-05-08T15:45:00.000-03:00:00,NE-MRBTS-414225,2219547
2025-05-08T16:00:00.000-03:00:00,NE-MRBTS-414225,2013913
2025-05-08T16:15:00.000-03:00:00,NE-MRBTS-414225,2016280
2025-05-08T16:30:00.000-03:00:00,NE-MRBTS-414225,2179519
2025-05-06T14:00:00.000-04:00:00,NE-MRBTS-690501,1145665
2025-05-06T14:15:00.000-04:00:00,NE-MRBTS-690501,1571455
2025-05-06T14:30:00.000-04:00:00,NE-MRBTS-690501,945237
2025-05-06T15:00:00.000-04:00:00,NE-MRBTS-690501,1345366
2025-05-06T15:15:00.000-04:00:00,NE-MRBTS-690501,1390239
2025-05-06T15:30:00.000-04:00:00,NE-MRBTS-690501,1486587
2025-05-06T16:00:00.000-04:00:00,NE-MRBTS-690501,1351682
2025-05-06T16:15:00.000-04:00:00,NE-MRBTS-690501,1325243
2025-05-06T16:30:00.000-04:00:00,NE-MRBTS-690501,1407797
2025-05-06T16:45:00.000-04:00:00,NE-MRBTS-690501,986588
2025-05-06T17:00:00.000-04:00:00,NE-MRBTS-690501,938743
2025-05-06T17:15:00.000-04:00:00,NE-MRBTS-690501,892595
2025-05-06T17:30:00.000-04:00:00,NE-MRBTS-690501,919587
2025-05-06T17:45:00.000-04:00:00,NE-MRBTS-690501,1382407
2025-05-06T18:00:00.000-04:00:00,NE-MRBTS-690501,1354247
2025-05-06T18:15:00.000-04:00:00,NE-MRBTS-690501,1446022
2025-05-06T18:30:00.000-04:00:00,NE-MRBTS-690501,1182646
2025-05-06T18:45:00.000-04:00:00,NE-MRBTS-690501,1385481
2025-05-06T19:00:00.000-04:00:00,NE-MRBTS-690501,1151709
2025-05-06T19:15:00.000-04:00:00,NE-MRBTS-690501,1322899
2025-05-06T19:30:00.000-04:00:00,NE-MRBTS-690501,1342358
2025-05-06T19:45:00.000-04:00:00,NE-MRBTS-690501,1368521
2025-05-06T20:00:00.000-04:00:00,NE-MRBTS-690501,1180939
2025-05-06T20:15:00.000-04:00:00,NE-MRBTS-690501,1651459
2025-05-06T20:30:00.000-04:00:00,NE-MRBTS-690501,1358293
2025-05-06T20:45:00.000-04:00:00,NE-MRBTS-690501,1245140
2025-05-06T21:00:00.000-04:00:00,NE-MRBTS-690501,1095203
2025-05-06T21:15:00.000-04:00:00,NE-MRBTS-690501,1260294
2025-05-06T21:30:00.000-04:00:00,NE-MRBTS-690501,1240356
2025-05-06T21:45:00.000-04:00:00,NE-MRBTS-690501,1274368
2025-05-06T22:00:00.000-04:00:00,NE-MRBTS-690501,1118959
2025-05-06T22:15:00.000-04:00:00,NE-MRBTS-690501,1189694
2025-05-06T22:30:00.000-04:00:00,NE-MRBTS-690501,1272724
2025-05-06T22:45:00.000-04:00:00,NE-MRBTS-690501,1244770
2025-05-06T23:00:00.000-04:00:00,NE-MRBTS-690501,1157598
2025-05-06T23:15:00.000-04:00:00,NE-MRBTS-690501,1391087
2025-05-06T23:30:00.000-04:00:00,NE-MRBTS-690501,1274913
2025-05-06T23:45:00.000-04:00:00,NE-MRBTS-690501,1345836
2025-05-07T00:00:00.000-04:00:00,NE-MRBTS-690501,1205518
2025-05-07T00:15:00.000-04:00:00,NE-MRBTS-690501,1262575
2025-05-07T00:30:00.000-04:00:00,NE-MRBTS-690501,1286267
2025-05-07T00:45:00.000-04:00:00,NE-MRBTS-690501,1092537
2025-05-07T01:00:00.000-04:00:00,NE-MRBTS-690501,915127
2025-05-07T01:15:00.000-04:00:00,NE-MRBTS-690501,1220716
2025-05-07T01:30:00.000-04:00:00,NE-MRBTS-690501,1213390
2025-05-07T01:45:00.000-04:00:00,NE-MRBTS-690501,1163560
2025-05-07T02:00:00.000-04:00:00,NE-MRBTS-690501,1360132
2025-05-07T02:15:00.000-04:00:00,NE-MRBTS-690501,1025780
2025-05-07T02:30:00.000-04:00:00,NE-MRBTS-690501,1321642
2025-05-07T02:45:00.000-04:00:00,NE-MRBTS-690501,807726
2025-05-07T03:00:00.000-04:00:00,NE-MRBTS-690501,1320387
2025-05-07T03:15:00.000-04:00:00,NE-MRBTS-690501,1473556
2025-05-07T03:30:00.000-04:00:00,NE-MRBTS-690501,1280667
2025-05-07T04:00:00.000-04:00:00,NE-MRBTS-690501,1325786
2025-05-07T04:15:00.000-04:00:00,NE-MRBTS-690501,1248935
2025-05-07T04:30:00.000-04:00:00,NE-MRBTS-690501,1116377
2025-05-07T05:00:00.000-04:00:00,NE-MRBTS-690501,1283623
2025-05-07T05:15:00.000-04:00:00,NE-MRBTS-690501,1338033
2025-05-07T05:30:00.000-04:00:00,NE-MRBTS-690501,1349663
2025-05-07T06:00:00.000-04:00:00,NE-MRBTS-690501,1284539
2025-05-07T06:15:00.000-04:00:00,NE-MRBTS-690501,1025314
2025-05-07T06:30:00.000-04:00:00,NE-MRBTS-690501,1301094
2025-05-07T07:00:00.000-04:00:00,NE-MRBTS-690501,1411037
2025-05-07T07:15:00.000-04:00:00,NE-MRBTS-690501,1298723
2025-05-07T07:30:00.000-04:00:00,NE-MRBTS-690501,1274623
2025-05-07T08:00:00.000-04:00:00,NE-MRBTS-690501,1215789
2025-05-07T08:15:00.000-04:00:00,NE-MRBTS-690501,1323952
2025-05-07T08:30:00.000-04:00:00,NE-MRBTS-690501,1287071
2025-05-07T09:00:00.000-04:00:00,NE-MRBTS-690501,1408534
2025-05-07T09:15:00.000-04:00:00,NE-MRBTS-690501,1388661
2025-05-07T09:30:00.000-04:00:00,NE-MRBTS-690501,1108125
2025-05-07T10:00:00.000-04:00:00,NE-MRBTS-690501,1094684
2025-05-07T10:15:00.000-04:00:00,NE-MRBTS-690501,1007506
2025-05-07T10:30:00.000-04:00:00,NE-MRBTS-690501,1089857
2025-05-07T11:00:00.000-04:00:00,NE-MRBTS-690501,1167223
2025-05-07T11:15:00.000-04:00:00,NE-MRBTS-690501,1434360
2025-05-07T11:30:00.000-04:00:00,NE-MRBTS-690501,1406831
2025-05-07T12:00:00.000-04:00:00,NE-MRBTS-690501,1165184
2025-05-07T12:15:00.000-04:00:00,NE-MRBTS-690501,1291438
2025-05-07T12:30:00.000-04:00:00,NE-MRBTS-690501,1214964
2025-05-07T13:00:00.000-04:00:00,NE-MRBTS-690501,1248195
2025-05-07T13:15:00.000-04:00:00,NE-MRBTS-690501,1479803
2025-05-07T13:30:00.000-04:00:00,NE-MRBTS-690501,1270592
2025-05-07T14:00:00.000-04:00:00,NE-MRBTS-690501,1288110
2025-05-07T14:15:00.000-04:00:00,NE-MRBTS-690501,1209692
2025-05-07T14:30:00.000-04:00:00,NE-MRBTS-690501,1057236
2025-05-07T15:00:00.000-04:00:00,NE-MRBTS-690501,1176553
2025-05-07T15:15:00.000-04:00:00,NE-MRBTS-690501,1107608
2025-05-07T15:30:00.000-04:00:00,NE-MRBTS-690501,1200617
2025-05-07T16:00:00.000-04:00:00,NE-MRBTS-690501,1064803
2025-05-07T16:15:00.000-04:00:00,NE-MRBTS-690501,1034866
2025-05-07T16:30:00.000-04:00:00,NE-MRBTS-690501,1502842
2025-05-07T17:00:00.000-04:00:00,NE-MRBTS-690501,1359922
2025-05-07T17:15:00.000-04:00:00,NE-MRBTS-690501,1426896
2025-05-07T17:30:00.000-04:00:00,NE-MRBTS-690501,1265548
2025-05-07T18:00:00.000-04:00:00,NE-MRBTS-690501,1392406
2025-05-07T18:15:00.000-04:00:00,NE-MRBTS-690501,1210437
2025-05-07T18:30:00.000-04:00:00,NE-MRBTS-690501,1247727
2025-05-07T19:00:00.000-04:00:00,NE-MRBTS-690501,1431768
2025-05-07T19:15:00.000-04:00:00,NE-MRBTS-690501,1430506
2025-05-07T19:30:00.000-04:00:00,NE-MRBTS-690501,1373033
2025-05-07T20:00:00.000-04:00:00,NE-MRBTS-690501,1415685
2025-05-07T20:15:00.000-04:00:00,NE-MRBTS-690501,1437284
2025-05-07T20:30:00.000-04:00:00,NE-MRBTS-690501,1201232
2025-05-07T21:00:00.000-04:00:00,NE-MRBTS-690501,1506142
2025-05-07T21:15:00.000-04:00:00,NE-MRBTS-690501,1393100
2025-05-07T21:30:00.000-04:00:00,NE-MRBTS-690501,1247280
2025-05-07T22:00:00.000-04:00:00,NE-MRBTS-690501,1174278
2025-05-07T22:15:00.000-04:00:00,NE-MRBTS-690501,1516373
2025-05-07T22:30:00.000-04:00:00,NE-MRBTS-690501,1311406
2025-05-07T23:00:00.000-04:00:00,NE-MRBTS-690501,1363678
2025-05-07T23:15:00.000-04:00:00,NE-MRBTS-690501,1210109
2025-05-07T23:30:00.000-04:00:00,NE-MRBTS-690501,1265332
2025-05-08T00:00:00.000-04:00:00,NE-MRBTS-690501,1281195
2025-05-08T00:15:00.000-04:00:00,NE-MRBTS-690501,1173039
2025-05-08T00:30:00.000-04:00:00,NE-MRBTS-690501,1235011
2025-05-08T01:00:00.000-04:00:00,NE-MRBTS-690501,1255010
2025-05-08T01:15:00.000-04:00:00,NE-MRBTS-690501,1184114
2025-05-08T01:30:00.000-04:00:00,NE-MRBTS-690501,1028427
2025-05-08T02:00:00.000-04:00:00,NE-MRBTS-690501,975040
2025-05-08T02:15:00.000-04:00:00,NE-MRBTS-690501,1348720
2025-05-08T02:30:00.000-04:00:00,NE-MRBTS-690501,1171506
2025-05-08T03:00:00.000-04:00:00,NE-MRBTS-690501,1511706
2025-05-08T03:15:00.000-04:00:00,NE-MRBTS-690501,1332322
2025-05-08T03:30:00.000-04:00:00,NE-MRBTS-690501,1453440
2025-05-08T04:00:00.000-04:00:00,NE-MRBTS-690501,1095895
2025-05-08T04:15:00.000-04:00:00,NE-MRBTS-690501,1195140
2025-05-08T04:30:00.000-04:00:00,NE-MRBTS-690501,1049372
2025-05-08T05:00:00.000-04:00:00,NE-MRBTS-690501,1393065
2025-05-08T05:15:00.000-04:00:00,NE-MRBTS-690501,1333761
2025-05-08T05:30:00.000-04:00:00,NE-MRBTS-690501,1465752
2025-05-08T06:00:00.000-04:00:00,NE-MRBTS-690501,1202178
2025-05-08T06:15:00.000-04:00:00,NE-MRBTS-690501,1495998
2025-05-08T06:30:00.000-04:00:00,NE-MRBTS-690501,1414416
2025-05-08T07:00:00.000-04:00:00,NE-MRBTS-690501,1343152
2025-05-08T07:15:00.000-04:00:00,NE-MRBTS-690501,1166141
2025-05-08T07:30:00.000-04:00:00,NE-MRBTS-690501,1227757
2025-05-08T08:00:00.000-04:00:00,NE-MRBTS-690501,1135615
2025-05-08T08:15:00.000-04:00:00,NE-MRBTS-690501,1270111
2025-05-08T08:30:00.000-04:00:00,NE-MRBTS-690501,1215475
2025-05-08T09:00:00.000-04:00:00,NE-MRBTS-690501,1165210
2025-05-08T09:15:00.000-04:00:00,NE-MRBTS-690501,1345042
2025-05-08T09:30:00.000-04:00:00,NE-MRBTS-690501,1322449
2025-05-08T09:45:00.000-04:00:00,NE-MRBTS-690501,1257119
2025-05-08T10:00:00.000-04:00:00,NE-MRBTS-690501,1227562
2025-05-08T10:15:00.000-04:00:00,NE-MRBTS-690501,1394089
2025-05-08T10:30:00.000-04:00:00,NE-MRBTS-690501,1390297
2025-05-08T10:45:00.000-04:00:00,NE-MRBTS-690501,1034411
2025-05-08T11:00:00.000-04:00:00,NE-MRBTS-690501,1043275
2025-05-08T11:15:00.000-04:00:00,NE-MRBTS-690501,1189164
2025-05-08T11:30:00.000-04:00:00,NE-MRBTS-690501,1068896
2025-05-08T11:45:00.000-04:00:00,NE-MRBTS-690501,1168150
2025-05-08T12:00:00.000-04:00:00,NE-MRBTS-690501,1090866
2025-05-08T12:15:00.000-04:00:00,NE-MRBTS-690501,1284932
2025-05-08T12:30:00.000-04:00:00,NE-MRBTS-690501,1145853
2025-05-08T12:45:00.000-04:00:00,NE-MRBTS-690501,1044498
2025-05-08T13:00:00.000-04:00:00,NE-MRBTS-690501,1109207
2025-05-08T13:15:00.000-04:00:00,NE-MRBTS-690501,1312813
2025-05-08T13:30:00.000-04:00:00,NE-MRBTS-690501,1205706
2025-05-08T13:45:00.000-04:00:00,NE-MRBTS-690501,1349041
2025-05-08T14:00:00.000-04:00:00,NE-MRBTS-690501,1367722
2025-05-08T14:15:00.000-04:00:00,NE-MRBTS-690501,1211922
2025-05-08T14:30:00.000-04:00:00,NE-MRBTS-690501,1067815
2025-05-08T14:45:00.000-04:00:00,NE-MRBTS-690501,1219116
2025-05-08T15:00:00.000-04:00:00,NE-MRBTS-690501,846487
2025-05-08T15:15:00.000-04:00:00,NE-MRBTS-690501,893304
2025-05-08T15:30:00.000-04:00:00,NE-MRBTS-690501,1075800
2025-05-06T14:00:00.000-04:00:00,NE-MRBTS-690503,9948095
2025-05-06T14:15:00.000-04:00:00,NE-MRBTS-690503,7373429
2025-05-06T14:30:00.000-04:00:00,NE-MRBTS-690503,10382239
2025-05-06T15:00:00.000-04:00:00,NE-MRBTS-690503,9809476
2025-05-06T15:15:00.000-04:00:00,NE-MRBTS-690503,8601851
2025-05-06T15:30:00.000-04:00:00,NE-MRBTS-690503,7811887
2025-05-06T16:00:00.000-04:00:00,NE-MRBTS-690503,7734046
2025-05-06T16:15:00.000-04:00:00,NE-MRBTS-690503,7876913
2025-05-06T16:30:00.000-04:00:00,NE-MRBTS-690503,8020567
2025-05-06T17:00:00.000-04:00:00,NE-MRBTS-690503,10174968
2025-05-06T17:15:00.000-04:00:00,NE-MRBTS-690503,9696264
2025-05-06T17:30:00.000-04:00:00,NE-MRBTS-690503,8836690
2025-05-06T18:00:00.000-04:00:00,NE-MRBTS-690503,8768665
2025-05-06T18:15:00.000-04:00:00,NE-MRBTS-690503,9412967
2025-05-06T18:30:00.000-04:00:00,NE-MRBTS-690503,10488917
2025-05-06T18:45:00.000-04:00:00,NE-MRBTS-690503,10060104
2025-05-06T19:00:00.000-04:00:00,NE-MRBTS-690503,8840264
2025-05-06T19:15:00.000-04:00:00,NE-MRBTS-690503,8045884
2025-05-06T19:30:00.000-04:00:00,NE-MRBTS-690503,6537395
2025-05-06T19:45:00.000-04:00:00,NE-MRBTS-690503,8767521
2025-05-06T20:00:00.000-04:00:00,NE-MRBTS-690503,9487064
2025-05-06T20:15:00.000-04:00:00,NE-MRBTS-690503,8342669
2025-05-06T20:30:00.000-04:00:00,NE-MRBTS-690503,8268561
2025-05-06T21:00:00.000-04:00:00,NE-MRBTS-690503,7910368
2025-05-06T21:15:00.000-04:00:00,NE-MRBTS-690503,8557313
2025-05-06T21:30:00.000-04:00:00,NE-MRBTS-690503,7764380
2025-05-06T22:00:00.000-04:00:00,NE-MRBTS-690503,10565157
2025-05-06T22:15:00.000-04:00:00,NE-MRBTS-690503,9194401
2025-05-06T22:30:00.000-04:00:00,NE-MRBTS-690503,8117000
2025-05-06T23:00:00.000-04:00:00,NE-MRBTS-690503,8690385
2025-05-06T23:15:00.000-04:00:00,NE-MRBTS-690503,7830273
2025-05-06T23:30:00.000-04:00:00,NE-MRBTS-690503,6536884
2025-05-07T00:00:00.000-04:00:00,NE-MRBTS-690503,8760107
2025-05-07T00:15:00.000-04:00:00,NE-MRBTS-690503,10701287
2025-05-07T00:30:00.000-04:00:00,NE-MRBTS-690503,7614312
2025-05-07T01:00:00.000-04:00:00,NE-MRBTS-690503,8332819
2025-05-07T01:15:00.000-04:00:00,NE-MRBTS-690503,8620794
2025-05-07T01:30:00.000-04:00:00,NE-MRBTS-690503,8476557
2025-05-07T02:00:00.000-04:00:00,NE-MRBTS-690503,9266780
2025-05-07T02:15:00.000-04:00:00,NE-MRBTS-690503,7399579
2025-05-07T02:30:00.000-04:00:00,NE-MRBTS-690503,6250585
2025-05-07T03:00:00.000-04:00:00,NE-MRBTS-690503,10060156
2025-05-07T03:15:00.000-04:00:00,NE-MRBTS-690503,7114251
2025-05-07T03:30:00.000-04:00:00,NE-MRBTS-690503,7903999
2025-05-07T04:00:00.000-04:00:00,NE-MRBTS-690503,7975267
2025-05-07T04:15:00.000-04:00:00,NE-MRBTS-690503,7042204
2025-05-07T04:30:00.000-04:00:00,NE-MRBTS-690503,7257445
2025-05-07T05:00:00.000-04:00:00,NE-MRBTS-690503,8126064
2025-05-07T05:15:00.000-04:00:00,NE-MRBTS-690503,8410886
2025-05-07T05:30:00.000-04:00:00,NE-MRBTS-690503,7836589
2025-05-07T06:00:00.000-04:00:00,NE-MRBTS-690503,9055241
2025-05-07T06:15:00.000-04:00:00,NE-MRBTS-690503,8191291
2025-05-07T06:30:00.000-04:00:00,NE-MRBTS-690503,8474765
2025-05-07T07:00:00.000-04:00:00,NE-MRBTS-690503,9409865
2025-05-07T07:15:00.000-04:00:00,NE-MRBTS-690503,9195395
2025-05-07T07:30:00.000-04:00:00,NE-MRBTS-690503,6178453
2025-05-07T08:00:00.000-04:00:00,NE-MRBTS-690503,8403696
2025-05-07T08:15:00.000-04:00:00,NE-MRBTS-690503,7757474
2025-05-07T08:30:00.000-04:00:00,NE-MRBTS-690503,9194612
2025-05-07T09:00:00.000-04:00:00,NE-MRBTS-690503,10187734
2025-05-07T09:15:00.000-04:00:00,NE-MRBTS-690503,7750490
2025-05-07T09:30:00.000-04:00:00,NE-MRBTS-690503,7538088
2025-05-07T10:00:00.000-04:00:00,NE-MRBTS-690503,6457245
2025-05-07T10:15:00.000-04:00:00,NE-MRBTS-690503,9108129
2025-05-07T10:30:00.000-04:00:00,NE-MRBTS-690503,9254822
2025-05-07T11:00:00.000-04:00:00,NE-MRBTS-690503,7822545
2025-05-07T11:15:00.000-04:00:00,NE-MRBTS-690503,9044687
2025-05-07T11:30:00.000-04:00:00,NE-MRBTS-690503,8613468
2025-05-07T12:00:00.000-04:00:00,NE-MRBTS-690503,8901910
2025-05-07T12:15:00.000-04:00:00,NE-MRBTS-690503,7824393
2025-05-07T12:30:00.000-04:00:00,NE-MRBTS-690503,9474724
2025-05-07T13:00:00.000-04:00:00,NE-MRBTS-690503,7398128
2025-05-07T13:15:00.000-04:00:00,NE-MRBTS-690503,8187195
2025-05-07T13:30:00.000-04:00:00,NE-MRBTS-690503,8254648
2025-05-07T14:00:00.000-04:00:00,NE-MRBTS-690503,8825570
2025-05-07T14:15:00.000-04:00:00,NE-MRBTS-690503,7249207
2025-05-07T14:30:00.000-04:00:00,NE-MRBTS-690503,8545429
2025-05-07T15:00:00.000-04:00:00,NE-MRBTS-690503,9911010
2025-05-07T15:15:00.000-04:00:00,NE-MRBTS-690503,8469350
2025-05-07T15:30:00.000-04:00:00,NE-MRBTS-690503,8398812
2025-05-07T16:00:00.000-04:00:00,NE-MRBTS-690503,7618787
2025-05-07T16:15:00.000-04:00:00,NE-MRBTS-690503,8477884
2025-05-07T16:30:00.000-04:00:00,NE-MRBTS-690503,10359162
2025-05-07T17:00:00.000-04:00:00,NE-MRBTS-690503,7409907
2025-05-07T17:15:00.000-04:00:00,NE-MRBTS-690503,8992691
2025-05-07T17:30:00.000-04:00:00,NE-MRBTS-690503,7409009
2025-05-07T18:00:00.000-04:00:00,NE-MRBTS-690503,8560121
2025-05-07T18:15:00.000-04:00:00,NE-MRBTS-690503,9711102
2025-05-07T18:30:00.000-04:00:00,NE-MRBTS-690503,9855781
2025-05-07T19:00:00.000-04:00:00,NE-MRBTS-690503,7914618
2025-05-07T19:15:00.000-04:00:00,NE-MRBTS-690503,8267875
2025-05-07T19:30:00.000-04:00:00,NE-MRBTS-690503,7981287
2025-05-07T20:00:00.000-04:00:00,NE-MRBTS-690503,8913476
2025-05-07T20:15:00.000-04:00:00,NE-MRBTS-690503,7836457
2025-05-07T20:30:00.000-04:00:00,NE-MRBTS-690503,10421838
2025-05-07T21:00:00.000-04:00:00,NE-MRBTS-690503,7117045
2025-05-07T21:15:00.000-04:00:00,NE-MRBTS-690503,9420700
2025-05-07T21:30:00.000-04:00:00,NE-MRBTS-690503,7763758
2025-05-07T22:00:00.000-04:00:00,NE-MRBTS-690503,8703175
2025-05-07T22:15:00.000-04:00:00,NE-MRBTS-690503,7838676
2025-05-07T22:30:00.000-04:00:00,NE-MRBTS-690503,9059019
2025-05-07T23:00:00.000-04:00:00,NE-MRBTS-690503,9274228
2025-05-07T23:15:00.000-04:00:00,NE-MRBTS-690503,9852773
2025-05-07T23:30:00.000-04:00:00,NE-MRBTS-690503,8267654
2025-05-08T00:00:00.000-04:00:00,NE-MRBTS-690503,8199277
2025-05-08T00:15:00.000-04:00:00,NE-MRBTS-690503,8701450
2025-05-08T00:30:00.000-04:00:00,NE-MRBTS-690503,8773830
2025-05-08T01:00:00.000-04:00:00,NE-MRBTS-690503,8052555
2025-05-08T01:15:00.000-04:00:00,NE-MRBTS-690503,9925325
2025-05-08T01:30:00.000-04:00:00,NE-MRBTS-690503,8918239
2025-05-08T02:00:00.000-04:00:00,NE-MRBTS-690503,7046473
2025-05-08T02:15:00.000-04:00:00,NE-MRBTS-690503,7695657
2025-05-08T02:30:00.000-04:00:00,NE-MRBTS-690503,9919766
2025-05-08T03:00:00.000-04:00:00,NE-MRBTS-690503,9208262
2025-05-08T03:15:00.000-04:00:00,NE-MRBTS-690503,7764805
2025-05-08T03:30:00.000-04:00:00,NE-MRBTS-690503,8919263
2025-05-08T04:00:00.000-04:00:00,NE-MRBTS-690503,8990775
2025-05-08T04:15:00.000-04:00:00,NE-MRBTS-690503,8124705
2025-05-08T04:30:00.000-04:00:00,NE-MRBTS-690503,7551767
2025-05-08T05:00:00.000-04:00:00,NE-MRBTS-690503,8920079
2025-05-08T05:15:00.000-04:00:00,NE-MRBTS-690503,6904858
2025-05-08T05:30:00.000-04:00:00,NE-MRBTS-690503,8701367
2025-05-08T06:00:00.000-04:00:00,NE-MRBTS-690503,8340765
2025-05-08T06:15:00.000-04:00:00,NE-MRBTS-690503,7910256
2025-05-08T06:30:00.000-04:00:00,NE-MRBTS-690503,10287171
2025-05-08T07:00:00.000-04:00:00,NE-MRBTS-690503,7406849
2025-05-08T07:15:00.000-04:00:00,NE-MRBTS-690503,6691314
2025-05-08T07:30:00.000-04:00:00,NE-MRBTS-690503,9564475
2025-05-08T08:00:00.000-04:00:00,NE-MRBTS-690503,9844980
2025-05-08T08:15:00.000-04:00:00,NE-MRBTS-690503,8199279
2025-05-08T08:30:00.000-04:00:00,NE-MRBTS-690503,7409431
2025-05-08T09:00:00.000-04:00:00,NE-MRBTS-690503,6040111
2025-05-08T09:15:00.000-04:00:00,NE-MRBTS-690503,8274877
2025-05-08T09:30:00.000-04:00:00,NE-MRBTS-690503,8348969
2025-05-08T10:00:00.000-04:00:00,NE-MRBTS-690503,8709366
2025-05-08T10:15:00.000-04:00:00,NE-MRBTS-690503,7624742
2025-05-08T10:30:00.000-04:00:00,NE-MRBTS-690503,7917648
2025-05-08T11:00:00.000-04:00:00,NE-MRBTS-690503,7124674
2025-05-08T11:15:00.000-04:00:00,NE-MRBTS-690503,9212422
2025-05-08T11:30:00.000-04:00:00,NE-MRBTS-690503,8705859
2025-05-08T12:00:00.000-04:00:00,NE-MRBTS-690503,7410301
2025-05-08T12:15:00.000-04:00:00,NE-MRBTS-690503,6474269
2025-05-08T12:30:00.000-04:00:00,NE-MRBTS-690503,9566786
2025-05-08T13:00:00.000-04:00:00,NE-MRBTS-690503,8274223
2025-05-08T13:15:00.000-04:00:00,NE-MRBTS-690503,8200625
2025-05-08T13:30:00.000-04:00:00,NE-MRBTS-690503,7555114
2025-05-08T14:00:00.000-04:00:00,NE-MRBTS-690503,7623520
2025-05-08T14:15:00.000-04:00:00,NE-MRBTS-690503,8844674
2025-05-08T14:30:00.000-04:00:00,NE-MRBTS-690503,9421056
2025-05-08T15:00:00.000-04:00:00,NE-MRBTS-690503,8758940
2025-05-08T15:15:00.000-04:00:00,NE-MRBTS-690503,9187279
2025-05-08T15:30:00.000-04:00:00,NE-MRBTS-690503,11501126
2025-05-06T14:00:00.000-04:00:00,NE-MRBTS-690513,-585358
2025-05-06T14:15:00.000-04:00:00,NE-MRBTS-690513,-472768
2025-05-06T14:30:00.000-04:00:00,NE-MRBTS-690513,-539925
2025-05-06T15:00:00.000-04:00:00,NE-MRBTS-690513,-485891
2025-05-06T15:15:00.000-04:00:00,NE-MRBTS-690513,-539332
2025-05-06T15:30:00.000-04:00:00,NE-MRBTS-690513,-463078
2025-05-06T16:00:00.000-04:00:00,NE-MRBTS-690513,-571813
2025-05-06T16:15:00.000-04:00:00,NE-MRBTS-690513,-529015
2025-05-06T16:30:00.000-04:00:00,NE-MRBTS-690513,-451838
2025-05-06T17:00:00.000-04:00:00,NE-MRBTS-690513,-540332
2025-05-06T17:15:00.000-04:00:00,NE-MRBTS-690513,-588543
2025-05-06T17:30:00.000-04:00:00,NE-MRBTS-690513,-451154
2025-05-06T18:00:00.000-04:00:00,NE-MRBTS-690513,-584499
2025-05-06T18:15:00.000-04:00:00,NE-MRBTS-690513,-459880
2025-05-06T18:30:00.000-04:00:00,NE-MRBTS-690513,-500525
2025-05-06T19:00:00.000-04:00:00,NE-MRBTS-690513,-492944
2025-05-06T19:15:00.000-04:00:00,NE-MRBTS-690513,-562796
2025-05-06T19:30:00.000-04:00:00,NE-MRBTS-690513,-576749
2025-05-06T20:00:00.000-04:00:00,NE-MRBTS-690513,-656196
2025-05-06T20:15:00.000-04:00:00,NE-MRBTS-690513,-538566
2025-05-06T20:30:00.000-04:00:00,NE-MRBTS-690513,-485166
2025-05-06T21:00:00.000-04:00:00,NE-MRBTS-690513,-460599
2025-05-06T21:15:00.000-04:00:00,NE-MRBTS-690513,-502673
2025-05-06T21:30:00.000-04:00:00,NE-MRBTS-690513,-411423
2025-05-06T22:00:00.000-04:00:00,NE-MRBTS-690513,-542155
2025-05-06T22:15:00.000-04:00:00,NE-MRBTS-690513,-546373
2025-05-06T22:30:00.000-04:00:00,NE-MRBTS-690513,-529806
2025-05-06T23:00:00.000-04:00:00,NE-MRBTS-690513,-579306
2025-05-06T23:15:00.000-04:00:00,NE-MRBTS-690513,-539520
2025-05-06T23:30:00.000-04:00:00,NE-MRBTS-690513,-531652
2025-05-07T00:00:00.000-04:00:00,NE-MRBTS-690513,-440998
2025-05-07T00:15:00.000-04:00:00,NE-MRBTS-690513,-482350
2025-05-07T00:30:00.000-04:00:00,NE-MRBTS-690513,-433637
2025-05-07T01:00:00.000-04:00:00,NE-MRBTS-690513,-517011
2025-05-07T01:15:00.000-04:00:00,NE-MRBTS-690513,-544785
2025-05-07T01:30:00.000-04:00:00,NE-MRBTS-690513,-578068
2025-05-07T02:00:00.000-04:00:00,NE-MRBTS-690513,-524443
2025-05-07T02:15:00.000-04:00:00,NE-MRBTS-690513,-459242
2025-05-07T02:30:00.000-04:00:00,NE-MRBTS-690513,-522314
2025-05-07T03:00:00.000-04:00:00,NE-MRBTS-690513,-489206
2025-05-07T03:15:00.000-04:00:00,NE-MRBTS-690513,-476969
2025-05-07T03:30:00.000-04:00:00,NE-MRBTS-690513,-517527
2025-05-07T04:00:00.000-04:00:00,NE-MRBTS-690513,-473551
2025-05-07T04:15:00.000-04:00:00,NE-MRBTS-690513,-526200
2025-05-07T04:30:00.000-04:00:00,NE-MRBTS-690513,-410278
2025-05-07T05:00:00.000-04:00:00,NE-MRBTS-690513,-573730
2025-05-07T05:15:00.000-04:00:00,NE-MRBTS-690513,-505321
2025-05-07T05:30:00.000-04:00:00,NE-MRBTS-690513,-541616
2025-05-07T06:00:00.000-04:00:00,NE-MRBTS-690513,-573047
2025-05-07T06:15:00.000-04:00:00,NE-MRBTS-690513,-549330
2025-05-07T06:30:00.000-04:00:00,NE-MRBTS-690513,-508665
2025-05-07T07:00:00.000-04:00:00,NE-MRBTS-690513,-519498
2025-05-07T07:15:00.000-04:00:00,NE-MRBTS-690513,-440459
2025-05-07T07:30:00.000-04:00:00,NE-MRBTS-690513,-415973
2025-05-07T08:00:00.000-04:00:00,NE-MRBTS-690513,-542020
2025-05-07T08:15:00.000-04:00:00,NE-MRBTS-690513,-437863
2025-05-07T08:30:00.000-04:00:00,NE-MRBTS-690513,-504568
2025-05-07T09:00:00.000-04:00:00,NE-MRBTS-690513,-464970
2025-05-07T09:15:00.000-04:00:00,NE-MRBTS-690513,-498562
2025-05-07T09:30:00.000-04:00:00,NE-MRBTS-690513,-533958
2025-05-07T10:00:00.000-04:00:00,NE-MRBTS-690513,-423487
2025-05-07T10:15:00.000-04:00:00,NE-MRBTS-690513,-554732
2025-05-07T10:30:00.000-04:00:00,NE-MRBTS-690513,-495485
2025-05-07T11:00:00.000-04:00:00,NE-MRBTS-690513,-514781
2025-05-07T11:15:00.000-04:00:00,NE-MRBTS-690513,-534905
2025-05-07T11:30:00.000-04:00:00,NE-MRBTS-690513,-456609
2025-05-07T12:00:00.000-04:00:00,NE-MRBTS-690513,-559819
2025-05-07T12:15:00.000-04:00:00,NE-MRBTS-690513,-422748
2025-05-07T12:30:00.000-04:00:00,NE-MRBTS-690513,-455327
2025-05-07T13:00:00.000-04:00:00,NE-MRBTS-690513,-434318
2025-05-07T13:15:00.000-04:00:00,NE-MRBTS-690513,-441734
2025-05-07T13:30:00.000-04:00:00,NE-MRBTS-690513,-519950
2025-05-07T14:00:00.000-04:00:00,NE-MRBTS-690513,-579419
2025-05-07T14:15:00.000-04:00:00,NE-MRBTS-690513,-498316
2025-05-07T14:30:00.000-04:00:00,NE-MRBTS-690513,-578284
2025-05-07T15:00:00.000-04:00:00,NE-MRBTS-690513,-498498
2025-05-07T15:15:00.000-04:00:00,NE-MRBTS-690513,-509599
2025-05-07T15:30:00.000-04:00:00,NE-MRBTS-690513,-435102
2025-05-07T16:00:00.000-04:00:00,NE-MRBTS-690513,-487912
2025-05-07T16:15:00.000-04:00:00,NE-MRBTS-690513,-503795
2025-05-07T16:30:00.000-04:00:00,NE-MRBTS-690513,-698018
2025-05-07T17:00:00.000-04:00:00,NE-MRBTS-690513,-627178
2025-05-07T17:15:00.000-04:00:00,NE-MRBTS-690513,-583276
2025-05-07T17:30:00.000-04:00:00,NE-MRBTS-690513,-473459
2025-05-07T18:00:00.000-04:00:00,NE-MRBTS-690513,-640877
2025-05-07T18:15:00.000-04:00:00,NE-MRBTS-690513,-563842
2025-05-07T18:30:00.000-04:00:00,NE-MRBTS-690513,-551524
2025-05-07T19:00:00.000-04:00:00,NE-MRBTS-690513,-562435
2025-05-07T19:15:00.000-04:00:00,NE-MRBTS-690513,-517200
2025-05-07T19:30:00.000-04:00:00,NE-MRBTS-690513,-558901
2025-05-07T20:00:00.000-04:00:00,NE-MRBTS-690513,-569425
2025-05-07T20:15:00.000-04:00:00,NE-MRBTS-690513,-531121
2025-05-07T20:30:00.000-04:00:00,NE-MRBTS-690513,-491223
2025-05-07T21:00:00.000-04:00:00,NE-MRBTS-690513,-535114
2025-05-07T21:15:00.000-04:00:00,NE-MRBTS-690513,-435925
2025-05-07T21:30:00.000-04:00:00,NE-MRBTS-690513,-474218
2025-05-07T22:00:00.000-04:00:00,NE-MRBTS-690513,-582414
2025-05-07T22:15:00.000-04:00:00,NE-MRBTS-690513,-564581
2025-05-07T22:30:00.000-04:00:00,NE-MRBTS-690513,-487494
2025-05-07T23:00:00.000-04:00:00,NE-MRBTS-690513,-540369
2025-05-07T23:15:00.000-04:00:00,NE-MRBTS-690513,-583607
2025-05-07T23:30:00.000-04:00:00,NE-MRBTS-690513,-522381
2025-05-08T00:00:00.000-04:00:00,NE-MRBTS-690513,-351589
2025-05-08T00:15:00.000-04:00:00,NE-MRBTS-690513,-462704
2025-05-08T00:30:00.000-04:00:00,NE-MRBTS-690513,-564908
2025-05-08T01:00:00.000-04:00:00,NE-MRBTS-690513,-518742
2025-05-08T01:15:00.000-04:00:00,NE-MRBTS-690513,-557538
2025-05-08T01:30:00.000-04:00:00,NE-MRBTS-690513,-477219
2025-05-08T02:00:00.000-04:00:00,NE-MRBTS-690513,-568996
2025-05-08T02:15:00.000-04:00:00,NE-MRBTS-690513,-488393
2025-05-08T02:30:00.000-04:00:00,NE-MRBTS-690513,-468958
2025-05-08T03:00:00.000-04:00:00,NE-MRBTS-690513,-532075
2025-05-08T03:15:00.000-04:00:00,NE-MRBTS-690513,-457454
2025-05-08T03:30:00.000-04:00:00,NE-MRBTS-690513,-465160
2025-05-08T04:00:00.000-04:00:00,NE-MRBTS-690513,-598030
2025-05-08T04:15:00.000-04:00:00,NE-MRBTS-690513,-490636
2025-05-08T04:30:00.000-04:00:00,NE-MRBTS-690513,-483281
2025-05-08T05:00:00.000-04:00:00,NE-MRBTS-690513,-570439
2025-05-08T05:15:00.000-04:00:00,NE-MRBTS-690513,-529122
2025-05-08T05:30:00.000-04:00:00,NE-MRBTS-690513,-535632
2025-05-08T06:00:00.000-04:00:00,NE-MRBTS-690513,-503588
2025-05-08T06:15:00.000-04:00:00,NE-MRBTS-690513,-477793
2025-05-08T06:30:00.000-04:00:00,NE-MRBTS-690513,-528917
2025-05-08T07:00:00.000-04:00:00,NE-MRBTS-690513,-516429
2025-05-08T07:15:00.000-04:00:00,NE-MRBTS-690513,-378096
2025-05-08T07:30:00.000-04:00:00,NE-MRBTS-690513,-450969
2025-05-08T08:00:00.000-04:00:00,NE-MRBTS-690513,-505079
2025-05-08T08:15:00.000-04:00:00,NE-MRBTS-690513,-580129
2025-05-08T08:30:00.000-04:00:00,NE-MRBTS-690513,-440697
2025-05-08T09:00:00.000-04:00:00,NE-MRBTS-690513,-538548
2025-05-08T09:15:00.000-04:00:00,NE-MRBTS-690513,-545661
2025-05-08T09:30:00.000-04:00:00,NE-MRBTS-690513,-523199
2025-05-08T10:00:00.000-04:00:00,NE-MRBTS-690513,-537075
2025-05-08T10:15:00.000-04:00:00,NE-MRBTS-690513,-407047
2025-05-08T10:30:00.000-04:00:00,NE-MRBTS-690513,-431302
2025-05-08T11:00:00.000-04:00:00,NE-MRBTS-690513,-510908
2025-05-08T11:15:00.000-04:00:00,NE-MRBTS-690513,-476078
2025-05-08T11:30:00.000-04:00:00,NE-MRBTS-690513,-540868
2025-05-08T12:00:00.000-04:00:00,NE-MRBTS-690513,-561253
2025-05-08T12:15:00.000-04:00:00,NE-MRBTS-690513,-500644
2025-05-08T12:30:00.000-04:00:00,NE-MRBTS-690513,-523777
2025-05-08T13:00:00.000-04:00:00,NE-MRBTS-690513,-497130
2025-05-08T13:15:00.000-04:00:00,NE-MRBTS-690513,-540225
2025-05-08T13:30:00.000-04:00:00,NE-MRBTS-690513,-456322
2025-05-08T14:00:00.000-04:00:00,NE-MRBTS-690513,-571005
2025-05-08T14:15:00.000-04:00:00,NE-MRBTS-690513,-460790
2025-05-08T14:30:00.000-04:00:00,NE-MRBTS-690513,-512456
2025-05-08T15:00:00.000-04:00:00,NE-MRBTS-690513,-462112
2025-05-08T15:15:00.000-04:00:00,NE-MRBTS-690513,-489600
2025-05-08T15:30:00.000-04:00:00,NE-MRBTS-690513,-497001
2025-05-06T15:00:00.000-03:00:00,NE-MRBTS-771801,5196819
2025-05-06T15:15:00.000-03:00:00,NE-MRBTS-771801,4271850
2025-05-06T15:30:00.000-03:00:00,NE-MRBTS-771801,4425306
2025-05-06T16:00:00.000-03:00:00,NE-MRBTS-771801,4775942
2025-05-06T16:15:00.000-03:00:00,NE-MRBTS-771801,5351892
2025-05-06T16:30:00.000-03:00:00,NE-MRBTS-771801,4686623
2025-05-06T17:00:00.000-03:00:00,NE-MRBTS-771801,4501743
2025-05-06T17:15:00.000-03:00:00,NE-MRBTS-771801,4846781
2025-05-06T17:30:00.000-03:00:00,NE-MRBTS-771801,4653656
2025-05-06T18:00:00.000-03:00:00,NE-MRBTS-771801,5083671
2025-05-06T18:15:00.000-03:00:00,NE-MRBTS-771801,4970034
2025-05-06T18:30:00.000-03:00:00,NE-MRBTS-771801,4352610
2025-05-06T19:00:00.000-03:00:00,NE-MRBTS-771801,4774178
2025-05-06T19:15:00.000-03:00:00,NE-MRBTS-771801,4883766
2025-05-06T19:30:00.000-03:00:00,NE-MRBTS-771801,4186804
2025-05-06T20:00:00.000-03:00:00,NE-MRBTS-771801,5373708
2025-05-06T20:15:00.000-03:00:00,NE-MRBTS-771801,4569212
2025-05-06T20:30:00.000-03:00:00,NE-MRBTS-771801,4030092
2025-05-06T21:00:00.000-03:00:00,NE-MRBTS-771801,5180392
2025-05-06T21:15:00.000-03:00:00,NE-MRBTS-771801,5330004
2025-05-06T21:30:00.000-03:00:00,NE-MRBTS-771801,4950200
2025-05-06T22:00:00.000-03:00:00,NE-MRBTS-771801,5260145
2025-05-06T22:15:00.000-03:00:00,NE-MRBTS-771801,5219848
2025-05-06T22:30:00.000-03:00:00,NE-MRBTS-771801,4760841
2025-05-06T23:00:00.000-03:00:00,NE-MRBTS-771801,4797617
2025-05-06T23:15:00.000-03:00:00,NE-MRBTS-771801,4217775
2025-05-06T23:30:00.000-03:00:00,NE-MRBTS-771801,4256240
2025-05-07T00:00:00.000-03:00:00,NE-MRBTS-771801,4670747
2025-05-07T00:15:00.000-03:00:00,NE-MRBTS-771801,4631609
2025-05-07T00:30:00.000-03:00:00,NE-MRBTS-771801,4517500
2025-05-07T01:00:00.000-03:00:00,NE-MRBTS-771801,4784853
2025-05-07T01:15:00.000-03:00:00,NE-MRBTS-771801,4865143
2025-05-07T01:30:00.000-03:00:00,NE-MRBTS-771801,4631848
2025-05-07T02:00:00.000-03:00:00,NE-MRBTS-771801,4974276
2025-05-07T02:15:00.000-03:00:00,NE-MRBTS-771801,4475618
2025-05-07T02:30:00.000-03:00:00,NE-MRBTS-771801,4322133
2025-05-07T03:00:00.000-03:00:00,NE-MRBTS-771801,4549897
2025-05-07T03:15:00.000-03:00:00,NE-MRBTS-771801,3976896
2025-05-07T03:30:00.000-03:00:00,NE-MRBTS-771801,4626795
2025-05-07T04:00:00.000-03:00:00,NE-MRBTS-771801,4511665
2025-05-07T04:15:00.000-03:00:00,NE-MRBTS-771801,4399257
2025-05-07T04:30:00.000-03:00:00,NE-MRBTS-771801,4436546
2025-05-07T05:00:00.000-03:00:00,NE-MRBTS-771801,4787142
2025-05-07T05:15:00.000-03:00:00,NE-MRBTS-771801,4792033
2025-05-07T05:30:00.000-03:00:00,NE-MRBTS-771801,4214830
2025-05-07T06:00:00.000-03:00:00,NE-MRBTS-771801,3797426
2025-05-07T06:15:00.000-03:00:00,NE-MRBTS-771801,5341105
2025-05-07T06:30:00.000-03:00:00,NE-MRBTS-771801,4574133
2025-05-07T07:00:00.000-03:00:00,NE-MRBTS-771801,4807719
2025-05-07T07:15:00.000-03:00:00,NE-MRBTS-771801,4877311
2025-05-07T07:30:00.000-03:00:00,NE-MRBTS-771801,5656763
2025-05-07T08:00:00.000-03:00:00,NE-MRBTS-771801,4802362
2025-05-07T08:15:00.000-03:00:00,NE-MRBTS-771801,4220777
2025-05-07T08:30:00.000-03:00:00,NE-MRBTS-771801,4721755
2025-05-07T09:00:00.000-03:00:00,NE-MRBTS-771801,4376579
2025-05-07T09:15:00.000-03:00:00,NE-MRBTS-771801,4803903
2025-05-07T09:30:00.000-03:00:00,NE-MRBTS-771801,3574362
2025-05-07T10:00:00.000-03:00:00,NE-MRBTS-771801,5272446
2025-05-07T10:15:00.000-03:00:00,NE-MRBTS-771801,5579923
2025-05-07T10:30:00.000-03:00:00,NE-MRBTS-771801,4817278
2025-05-07T11:00:00.000-03:00:00,NE-MRBTS-771801,5438706
2025-05-07T11:15:00.000-03:00:00,NE-MRBTS-771801,4432781
2025-05-07T11:30:00.000-03:00:00,NE-MRBTS-771801,4319867
2025-05-07T12:00:00.000-03:00:00,NE-MRBTS-771801,4282910
2025-05-07T12:15:00.000-03:00:00,NE-MRBTS-771801,4901185
2025-05-07T12:30:00.000-03:00:00,NE-MRBTS-771801,4708385
2025-05-07T13:00:00.000-03:00:00,NE-MRBTS-771801,3895623
2025-05-07T13:15:00.000-03:00:00,NE-MRBTS-771801,5475697
2025-05-07T13:30:00.000-03:00:00,NE-MRBTS-771801,4555462
2025-05-07T14:00:00.000-03:00:00,NE-MRBTS-771801,4944466
2025-05-07T14:15:00.000-03:00:00,NE-MRBTS-771801,5638090
2025-05-07T14:30:00.000-03:00:00,NE-MRBTS-771801,5056420
2025-05-07T15:00:00.000-03:00:00,NE-MRBTS-771801,4445537
2025-05-07T15:15:00.000-03:00:00,NE-MRBTS-771801,5101929
2025-05-07T15:30:00.000-03:00:00,NE-MRBTS-771801,4949484
2025-05-07T16:00:00.000-03:00:00,NE-MRBTS-771801,5025806
2025-05-07T16:15:00.000-03:00:00,NE-MRBTS-771801,4216741
2025-05-07T16:30:00.000-03:00:00,NE-MRBTS-771801,4447668
2025-05-07T17:00:00.000-03:00:00,NE-MRBTS-771801,5027179
2025-05-07T17:15:00.000-03:00:00,NE-MRBTS-771801,4677628
2025-05-07T17:30:00.000-03:00:00,NE-MRBTS-771801,4441133
2025-05-07T18:00:00.000-03:00:00,NE-MRBTS-771801,4671897
2025-05-07T18:15:00.000-03:00:00,NE-MRBTS-771801,4783987
2025-05-07T18:30:00.000-03:00:00,NE-MRBTS-771801,4671344
2025-05-07T19:00:00.000-03:00:00,NE-MRBTS-771801,4551242
2025-05-07T19:15:00.000-03:00:00,NE-MRBTS-771801,4362006
2025-05-07T19:30:00.000-03:00:00,NE-MRBTS-771801,4473120
2025-05-07T20:00:00.000-03:00:00,NE-MRBTS-771801,4314934
2025-05-07T20:15:00.000-03:00:00,NE-MRBTS-771801,4627874
2025-05-07T20:30:00.000-03:00:00,NE-MRBTS-771801,4970123
2025-05-07T21:00:00.000-03:00:00,NE-MRBTS-771801,4084083
2025-05-07T21:15:00.000-03:00:00,NE-MRBTS-771801,4465618
2025-05-07T21:30:00.000-03:00:00,NE-MRBTS-771801,4851943
2025-05-07T22:00:00.000-03:00:00,NE-MRBTS-771801,4958625
2025-05-07T22:15:00.000-03:00:00,NE-MRBTS-771801,5464762
2025-05-07T22:30:00.000-03:00:00,NE-MRBTS-771801,4657258
2025-05-07T23:00:00.000-03:00:00,NE-MRBTS-771801,5154345
2025-05-07T23:15:00.000-03:00:00,NE-MRBTS-771801,4265886
2025-05-07T23:30:00.000-03:00:00,NE-MRBTS-771801,4612165
2025-05-08T00:00:00.000-03:00:00,NE-MRBTS-771801,4109561
2025-05-08T00:15:00.000-03:00:00,NE-MRBTS-771801,4991149
2025-05-08T00:30:00.000-03:00:00,NE-MRBTS-771801,4186420
2025-05-08T01:00:00.000-03:00:00,NE-MRBTS-771801,4184023
2025-05-08T01:15:00.000-03:00:00,NE-MRBTS-771801,4910942
2025-05-08T01:30:00.000-03:00:00,NE-MRBTS-771801,4909099
2025-05-08T02:00:00.000-03:00:00,NE-MRBTS-771801,4571293
2025-05-08T02:15:00.000-03:00:00,NE-MRBTS-771801,4068193
2025-05-08T02:30:00.000-03:00:00,NE-MRBTS-771801,4336145
2025-05-08T03:00:00.000-03:00:00,NE-MRBTS-771801,5103328
2025-05-08T03:15:00.000-03:00:00,NE-MRBTS-771801,4067351
2025-05-08T03:30:00.000-03:00:00,NE-MRBTS-771801,4488865
2025-05-08T04:00:00.000-03:00:00,NE-MRBTS-771801,4144074
2025-05-08T04:15:00.000-03:00:00,NE-MRBTS-771801,4147529
2025-05-08T04:30:00.000-03:00:00,NE-MRBTS-771801,4601830
2025-05-08T05:00:00.000-03:00:00,NE-MRBTS-771801,4331678
2025-05-08T05:15:00.000-03:00:00,NE-MRBTS-771801,5100256
2025-05-08T05:30:00.000-03:00:00,NE-MRBTS-771801,4639461
2025-05-08T06:00:00.000-03:00:00,NE-MRBTS-771801,4520849
2025-05-08T06:15:00.000-03:00:00,NE-MRBTS-771801,4983354
2025-05-08T06:30:00.000-03:00:00,NE-MRBTS-771801,4752146
2025-05-08T07:00:00.000-03:00:00,NE-MRBTS-771801,5257375
2025-05-08T07:15:00.000-03:00:00,NE-MRBTS-771801,4147419
2025-05-08T07:30:00.000-03:00:00,NE-MRBTS-771801,4608471
2025-05-08T08:00:00.000-03:00:00,NE-MRBTS-771801,4648611
2025-05-08T08:15:00.000-03:00:00,NE-MRBTS-771801,5116315
2025-05-08T08:30:00.000-03:00:00,NE-MRBTS-771801,4001882
2025-05-08T09:00:00.000-03:00:00,NE-MRBTS-771801,4237365
2025-05-08T09:15:00.000-03:00:00,NE-MRBTS-771801,3815065
2025-05-08T09:30:00.000-03:00:00,NE-MRBTS-771801,5127013
2025-05-08T10:00:00.000-03:00:00,NE-MRBTS-771801,5330990
2025-05-08T10:15:00.000-03:00:00,NE-MRBTS-771801,4945154
2025-05-08T10:30:00.000-03:00:00,NE-MRBTS-771801,4906039
2025-05-08T11:00:00.000-03:00:00,NE-MRBTS-771801,5104959
2025-05-08T11:15:00.000-03:00:00,NE-MRBTS-771801,4416589
2025-05-08T11:30:00.000-03:00:00,NE-MRBTS-771801,4762434
2025-05-08T12:00:00.000-03:00:00,NE-MRBTS-771801,4410367
2025-05-08T12:15:00.000-03:00:00,NE-MRBTS-771801,4792666
2025-05-08T12:30:00.000-03:00:00,NE-MRBTS-771801,4716872
2025-05-08T13:00:00.000-03:00:00,NE-MRBTS-771801,4559926
2025-05-08T13:15:00.000-03:00:00,NE-MRBTS-771801,3708012
2025-05-08T13:30:00.000-03:00:00,NE-MRBTS-771801,5449377
2025-05-08T14:00:00.000-03:00:00,NE-MRBTS-771801,4335007
2025-05-08T14:15:00.000-03:00:00,NE-MRBTS-771801,4681373
2025-05-08T14:30:00.000-03:00:00,NE-MRBTS-771801,4874591
2025-05-08T15:00:00.000-03:00:00,NE-MRBTS-771801,4260786
2025-05-08T15:15:00.000-03:00:00,NE-MRBTS-771801,4956178
2025-05-08T15:30:00.000-03:00:00,NE-MRBTS-771801,4605980
2025-05-08T16:00:00.000-03:00:00,NE-MRBTS-771801,4877056
2025-05-08T16:15:00.000-03:00:00,NE-MRBTS-771801,4066963
2025-05-08T16:30:00.000-03:00:00,NE-MRBTS-771801,4261287
2025-05-06T15:00:00.000-03:00:00,NE-MRBTS-341601,-4532129
2025-05-06T15:15:00.000-03:00:00,NE-MRBTS-341601,-3877886
2025-05-06T15:30:00.000-03:00:00,NE-MRBTS-341601,-2896758
2025-05-06T16:00:00.000-03:00:00,NE-MRBTS-341601,-4132775
2025-05-06T16:15:00.000-03:00:00,NE-MRBTS-341601,-3461087
2025-05-06T16:30:00.000-03:00:00,NE-MRBTS-341601,-3948170
2025-05-06T17:00:00.000-03:00:00,NE-MRBTS-341601,-3979687
2025-05-06T17:15:00.000-03:00:00,NE-MRBTS-341601,-3712979
2025-05-06T17:30:00.000-03:00:00,NE-MRBTS-341601,-3709191
2025-05-06T18:00:00.000-03:00:00,NE-MRBTS-341601,-3590566
2025-05-06T18:15:00.000-03:00:00,NE-MRBTS-341601,-3500601
2025-05-06T18:30:00.000-03:00:00,NE-MRBTS-341601,-2981438
2025-05-06T19:00:00.000-03:00:00,NE-MRBTS-341601,-2094841
2025-05-06T19:15:00.000-03:00:00,NE-MRBTS-341601,-3387058
2025-05-06T19:30:00.000-03:00:00,NE-MRBTS-341601,-4435434
2025-05-06T20:00:00.000-03:00:00,NE-MRBTS-341601,-4005097
2025-05-06T20:15:00.000-03:00:00,NE-MRBTS-341601,-3513770
2025-05-06T20:30:00.000-03:00:00,NE-MRBTS-341601,-3671410
2025-05-06T21:00:00.000-03:00:00,NE-MRBTS-341601,-3992679
2025-05-06T21:15:00.000-03:00:00,NE-MRBTS-341601,-4080344
2025-05-06T21:30:00.000-03:00:00,NE-MRBTS-341601,-4024318
2025-05-06T22:00:00.000-03:00:00,NE-MRBTS-341601,-4425798
2025-05-06T22:15:00.000-03:00:00,NE-MRBTS-341601,-3468665
2025-05-06T22:30:00.000-03:00:00,NE-MRBTS-341601,-3525889
2025-05-06T23:00:00.000-03:00:00,NE-MRBTS-341601,-4021110
2025-05-06T23:15:00.000-03:00:00,NE-MRBTS-341601,-3990391
2025-05-06T23:30:00.000-03:00:00,NE-MRBTS-341601,-3681220
2025-05-07T00:00:00.000-03:00:00,NE-MRBTS-341601,-3372954
2025-05-07T00:15:00.000-03:00:00,NE-MRBTS-341601,-3156788
2025-05-07T00:30:00.000-03:00:00,NE-MRBTS-341601,-3899487
2025-05-07T01:00:00.000-03:00:00,NE-MRBTS-341601,-3596086
2025-05-07T01:15:00.000-03:00:00,NE-MRBTS-341601,-3379400
2025-05-07T01:30:00.000-03:00:00,NE-MRBTS-341601,-3813485
2025-05-07T02:00:00.000-03:00:00,NE-MRBTS-341601,-3942340
2025-05-07T02:15:00.000-03:00:00,NE-MRBTS-341601,-3909815
2025-05-07T02:30:00.000-03:00:00,NE-MRBTS-341601,-4404048
2025-05-07T03:00:00.000-03:00:00,NE-MRBTS-341601,-3815942
2025-05-07T03:15:00.000-03:00:00,NE-MRBTS-341601,-3848615
2025-05-07T03:30:00.000-03:00:00,NE-MRBTS-341601,-3942936
2025-05-07T04:00:00.000-03:00:00,NE-MRBTS-341601,-2110607
2025-05-07T04:15:00.000-03:00:00,NE-MRBTS-341601,-3694324
2025-05-07T04:30:00.000-03:00:00,NE-MRBTS-341601,-3319185
2025-05-07T05:00:00.000-03:00:00,NE-MRBTS-341601,-3163944
2025-05-07T05:15:00.000-03:00:00,NE-MRBTS-341601,-3633817
2025-05-07T05:30:00.000-03:00:00,NE-MRBTS-341601,-3723421
2025-05-07T06:00:00.000-03:00:00,NE-MRBTS-341601,-2791453
2025-05-07T06:15:00.000-03:00:00,NE-MRBTS-341601,-3690670
2025-05-07T06:30:00.000-03:00:00,NE-MRBTS-341601,-2323890
2025-05-07T07:00:00.000-03:00:00,NE-MRBTS-341601,-2942882
2025-05-07T07:15:00.000-03:00:00,NE-MRBTS-341601,-3936075
2025-05-07T07:30:00.000-03:00:00,NE-MRBTS-341601,-3996015
2025-05-07T08:00:00.000-03:00:00,NE-MRBTS-341601,-4271151
2025-05-07T08:15:00.000-03:00:00,NE-MRBTS-341601,-4302373
2025-05-07T08:30:00.000-03:00:00,NE-MRBTS-341601,-3897806
2025-05-07T09:00:00.000-03:00:00,NE-MRBTS-341601,-3973431
2025-05-07T09:15:00.000-03:00:00,NE-MRBTS-341601,-3606869
2025-05-07T09:30:00.000-03:00:00,NE-MRBTS-341601,-4769252
2025-05-07T10:00:00.000-03:00:00,NE-MRBTS-341601,-3967373
2025-05-07T10:15:00.000-03:00:00,NE-MRBTS-341601,-2980944
2025-05-07T10:30:00.000-03:00:00,NE-MRBTS-341601,-3131981
2025-05-07T11:00:00.000-03:00:00,NE-MRBTS-341601,-4145966
2025-05-07T11:15:00.000-03:00:00,NE-MRBTS-341601,-3963584
2025-05-07T11:30:00.000-03:00:00,NE-MRBTS-341601,-3935514
2025-05-07T12:00:00.000-03:00:00,NE-MRBTS-341601,-2920275
2025-05-07T12:15:00.000-03:00:00,NE-MRBTS-341601,-3958571
2025-05-07T12:30:00.000-03:00:00,NE-MRBTS-341601,-4234323
2025-05-07T13:00:00.000-03:00:00,NE-MRBTS-341601,-4340071
2025-05-07T13:15:00.000-03:00:00,NE-MRBTS-341601,-3862284
2025-05-07T13:30:00.000-03:00:00,NE-MRBTS-341601,-4224158
2025-05-07T14:00:00.000-03:00:00,NE-MRBTS-341601,-3748530
2025-05-07T14:15:00.000-03:00:00,NE-MRBTS-341601,-3319764
2025-05-07T14:30:00.000-03:00:00,NE-MRBTS-341601,-3620774
2025-05-07T15:00:00.000-03:00:00,NE-MRBTS-341601,-3882899
2025-05-07T15:15:00.000-03:00:00,NE-MRBTS-341601,-3582286
2025-05-07T15:30:00.000-03:00:00,NE-MRBTS-341601,-4690935
2025-05-07T16:00:00.000-03:00:00,NE-MRBTS-341601,-3151889
2025-05-07T16:15:00.000-03:00:00,NE-MRBTS-341601,-3794936
2025-05-07T16:30:00.000-03:00:00,NE-MRBTS-341601,-4065557
2025-05-07T17:00:00.000-03:00:00,NE-MRBTS-341601,-4142879
2025-05-07T17:15:00.000-03:00:00,NE-MRBTS-341601,-3985732
2025-05-07T17:30:00.000-03:00:00,NE-MRBTS-341601,-4706799
2025-05-07T18:00:00.000-03:00:00,NE-MRBTS-341601,-3109134
2025-05-07T18:15:00.000-03:00:00,NE-MRBTS-341601,-3076407
2025-05-07T18:30:00.000-03:00:00,NE-MRBTS-341601,-4572216
2025-05-07T19:00:00.000-03:00:00,NE-MRBTS-341601,-4380452
2025-05-07T19:15:00.000-03:00:00,NE-MRBTS-341601,-4011587
2025-05-07T19:30:00.000-03:00:00,NE-MRBTS-341601,-3923654
2025-05-07T20:00:00.000-03:00:00,NE-MRBTS-341601,-3255177
2025-05-07T20:15:00.000-03:00:00,NE-MRBTS-341601,-3535024
2025-05-07T20:30:00.000-03:00:00,NE-MRBTS-341601,-4085578
2025-05-07T21:00:00.000-03:00:00,NE-MRBTS-341601,-4121135
2025-05-07T21:15:00.000-03:00:00,NE-MRBTS-341601,-4520840
2025-05-07T21:30:00.000-03:00:00,NE-MRBTS-341601,-3818751
2025-05-07T22:00:00.000-03:00:00,NE-MRBTS-341601,-4714356
2025-05-07T22:15:00.000-03:00:00,NE-MRBTS-341601,-3292943
2025-05-07T22:30:00.000-03:00:00,NE-MRBTS-341601,-2740491
2025-05-07T23:00:00.000-03:00:00,NE-MRBTS-341601,-3450393
2025-05-07T23:15:00.000-03:00:00,NE-MRBTS-341601,-3916740
2025-05-07T23:30:00.000-03:00:00,NE-MRBTS-341601,-3663588
2025-05-08T00:00:00.000-03:00:00,NE-MRBTS-341601,-4038337
2025-05-08T00:15:00.000-03:00:00,NE-MRBTS-341601,-3788801
2025-05-08T00:30:00.000-03:00:00,NE-MRBTS-341601,-3699792
2025-05-08T01:00:00.000-03:00:00,NE-MRBTS-341601,-2865697
2025-05-08T01:15:00.000-03:00:00,NE-MRBTS-341601,-3049454
2025-05-08T01:30:00.000-03:00:00,NE-MRBTS-341601,-3789639
2025-05-08T02:00:00.000-03:00:00,NE-MRBTS-341601,-3946443
2025-05-08T02:15:00.000-03:00:00,NE-MRBTS-341601,-3917135
2025-05-08T02:30:00.000-03:00:00,NE-MRBTS-341601,-3611674
2025-05-08T03:00:00.000-03:00:00,NE-MRBTS-341601,-3546802
2025-05-08T03:15:00.000-03:00:00,NE-MRBTS-341601,-3490990
2025-05-08T03:30:00.000-03:00:00,NE-MRBTS-341601,-2934394
2025-05-08T04:00:00.000-03:00:00,NE-MRBTS-341601,-2007697
2025-05-08T04:15:00.000-03:00:00,NE-MRBTS-341601,-2965289
2025-05-08T04:30:00.000-03:00:00,NE-MRBTS-341601,-4202059
2025-05-08T05:00:00.000-03:00:00,NE-MRBTS-341601,-3212686
2025-05-08T05:15:00.000-03:00:00,NE-MRBTS-341601,-3148312
2025-05-08T05:30:00.000-03:00:00,NE-MRBTS-341601,-3919329
2025-05-08T06:00:00.000-03:00:00,NE-MRBTS-341601,-3493237
2025-05-08T06:15:00.000-03:00:00,NE-MRBTS-341601,-3119492
2025-05-08T06:30:00.000-03:00:00,NE-MRBTS-341601,-3583573
2025-05-08T07:00:00.000-03:00:00,NE-MRBTS-341601,-3885721
2025-05-08T07:15:00.000-03:00:00,NE-MRBTS-341601,-4004008
2025-05-08T07:30:00.000-03:00:00,NE-MRBTS-341601,-3908236
2025-05-08T08:00:00.000-03:00:00,NE-MRBTS-341601,-3233045
2025-05-08T08:15:00.000-03:00:00,NE-MRBTS-341601,-3688234
2025-05-08T08:30:00.000-03:00:00,NE-MRBTS-341601,-3230326
2025-05-08T09:00:00.000-03:00:00,NE-MRBTS-341601,-3628569
2025-05-08T09:15:00.000-03:00:00,NE-MRBTS-341601,-3595071
2025-05-08T09:30:00.000-03:00:00,NE-MRBTS-341601,-3840225
2025-05-08T10:00:00.000-03:00:00,NE-MRBTS-341601,-3070371
2025-05-08T10:15:00.000-03:00:00,NE-MRBTS-341601,-3527172
2025-05-08T10:30:00.000-03:00:00,NE-MRBTS-341601,-3554346
2025-05-08T11:00:00.000-03:00:00,NE-MRBTS-341601,-4223734
2025-05-08T11:15:00.000-03:00:00,NE-MRBTS-341601,-3582912
2025-05-08T11:30:00.000-03:00:00,NE-MRBTS-341601,-4075027
2025-05-08T12:00:00.000-03:00:00,NE-MRBTS-341601,-3848711
2025-05-08T12:15:00.000-03:00:00,NE-MRBTS-341601,-3239048
2025-05-08T12:30:00.000-03:00:00,NE-MRBTS-341601,-4028310
2025-05-08T13:00:00.000-03:00:00,NE-MRBTS-341601,-3387367
2025-05-08T13:15:00.000-03:00:00,NE-MRBTS-341601,-3109478
2025-05-08T13:30:00.000-03:00:00,NE-MRBTS-341601,-3687844
2025-05-08T14:00:00.000-03:00:00,NE-MRBTS-341601,-4310238
2025-05-08T14:15:00.000-03:00:00,NE-MRBTS-341601,-4496539
2025-05-08T14:30:00.000-03:00:00,NE-MRBTS-341601,-3791364
2025-05-08T15:00:00.000-03:00:00,NE-MRBTS-341601,-3726723
2025-05-08T15:15:00.000-03:00:00,NE-MRBTS-341601,-4921234
2025-05-08T15:30:00.000-03:00:00,NE-MRBTS-341601,-5056511
2025-05-08T16:00:00.000-03:00:00,NE-MRBTS-341601,-3843225
2025-05-08T16:15:00.000-03:00:00,NE-MRBTS-341601,-4048319
2025-05-08T16:30:00.000-03:00:00,NE-MRBTS-341601,-4032411
2025-05-06T15:00:00.000-03:00:00,NE-MRBTS-621901,-4124367
2025-05-06T15:15:00.000-03:00:00,NE-MRBTS-621901,-4041143
2025-05-06T15:30:00.000-03:00:00,NE-MRBTS-621901,-4272688
2025-05-06T16:00:00.000-03:00:00,NE-MRBTS-621901,-3721759
2025-05-06T16:15:00.000-03:00:00,NE-MRBTS-621901,-3770985
2025-05-06T16:30:00.000-03:00:00,NE-MRBTS-621901,-4273263
2025-05-06T17:00:00.000-03:00:00,NE-MRBTS-621901,-3726410
2025-05-06T17:15:00.000-03:00:00,NE-MRBTS-621901,-3286450
2025-05-06T17:30:00.000-03:00:00,NE-MRBTS-621901,-3929038
2025-05-06T18:00:00.000-03:00:00,NE-MRBTS-621901,-3988837
2025-05-06T18:15:00.000-03:00:00,NE-MRBTS-621901,-3432176
2025-05-06T18:30:00.000-03:00:00,NE-MRBTS-621901,-4236499
2025-05-06T19:00:00.000-03:00:00,NE-MRBTS-621901,-3930722
2025-05-06T19:15:00.000-03:00:00,NE-MRBTS-621901,-3669129
2025-05-06T19:30:00.000-03:00:00,NE-MRBTS-621901,-4191401
2025-05-06T20:00:00.000-03:00:00,NE-MRBTS-621901,-3468190
2025-05-06T20:15:00.000-03:00:00,NE-MRBTS-621901,-3702230
2025-05-06T20:30:00.000-03:00:00,NE-MRBTS-621901,-3700738
2025-05-06T21:00:00.000-03:00:00,NE-MRBTS-621901,-3394431
2025-05-06T21:15:00.000-03:00:00,NE-MRBTS-621901,-4763307
2025-05-06T21:30:00.000-03:00:00,NE-MRBTS-621901,-4306520
2025-05-06T22:00:00.000-03:00:00,NE-MRBTS-621901,-4200195
2025-05-06T22:15:00.000-03:00:00,NE-MRBTS-621901,-4724805
2025-05-06T22:30:00.000-03:00:00,NE-MRBTS-621901,-3938714
2025-05-06T23:00:00.000-03:00:00,NE-MRBTS-621901,-3786438
2025-05-06T23:15:00.000-03:00:00,NE-MRBTS-621901,-3869569
2025-05-06T23:30:00.000-03:00:00,NE-MRBTS-621901,-4173459
2025-05-07T00:00:00.000-03:00:00,NE-MRBTS-621901,-3922497
2025-05-07T00:15:00.000-03:00:00,NE-MRBTS-621901,-3658441
2025-05-07T00:30:00.000-03:00:00,NE-MRBTS-621901,-3606684
2025-05-07T01:00:00.000-03:00:00,NE-MRBTS-621901,-3954323
2025-05-07T01:15:00.000-03:00:00,NE-MRBTS-621901,-3425522
2025-05-07T01:30:00.000-03:00:00,NE-MRBTS-621901,-3426083
2025-05-07T02:00:00.000-03:00:00,NE-MRBTS-621901,-3480467
2025-05-07T02:15:00.000-03:00:00,NE-MRBTS-621901,-4015940
2025-05-07T02:30:00.000-03:00:00,NE-MRBTS-621901,-3642039
2025-05-07T03:00:00.000-03:00:00,NE-MRBTS-621901,-4485771
2025-05-07T03:15:00.000-03:00:00,NE-MRBTS-621901,-3804701
2025-05-07T03:30:00.000-03:00:00,NE-MRBTS-621901,-3751966
2025-05-07T04:00:00.000-03:00:00,NE-MRBTS-621901,-3515745
2025-05-07T04:15:00.000-03:00:00,NE-MRBTS-621901,-4199367
2025-05-07T04:30:00.000-03:00:00,NE-MRBTS-621901,-4059715
2025-05-07T05:00:00.000-03:00:00,NE-MRBTS-621901,-3294234
2025-05-07T05:15:00.000-03:00:00,NE-MRBTS-621901,-3798117
2025-05-07T05:30:00.000-03:00:00,NE-MRBTS-621901,-3915679
2025-05-07T06:00:00.000-03:00:00,NE-MRBTS-621901,-4034910
2025-05-07T06:15:00.000-03:00:00,NE-MRBTS-621901,-3647008
2025-05-07T06:30:00.000-03:00:00,NE-MRBTS-621901,-3817682
2025-05-07T07:00:00.000-03:00:00,NE-MRBTS-621901,-3289123
2025-05-07T07:15:00.000-03:00:00,NE-MRBTS-621901,-3324485
2025-05-07T07:30:00.000-03:00:00,NE-MRBTS-621901,-4183065
2025-05-07T08:00:00.000-03:00:00,NE-MRBTS-621901,-4328585
2025-05-07T08:15:00.000-03:00:00,NE-MRBTS-621901,-3788187
2025-05-07T08:30:00.000-03:00:00,NE-MRBTS-621901,-3721535
2025-05-07T09:00:00.000-03:00:00,NE-MRBTS-621901,-3471582
2025-05-07T09:15:00.000-03:00:00,NE-MRBTS-621901,-2802226
2025-05-07T09:30:00.000-03:00:00,NE-MRBTS-621901,-3558495
2025-05-07T10:00:00.000-03:00:00,NE-MRBTS-621901,-3554373
2025-05-07T10:15:00.000-03:00:00,NE-MRBTS-621901,-4280156
2025-05-07T10:30:00.000-03:00:00,NE-MRBTS-621901,-4223733
2025-05-07T11:00:00.000-03:00:00,NE-MRBTS-621901,-4222213
2025-05-07T11:15:00.000-03:00:00,NE-MRBTS-621901,-4061669
2025-05-07T11:30:00.000-03:00:00,NE-MRBTS-621901,-4329173
2025-05-07T12:00:00.000-03:00:00,NE-MRBTS-621901,-4357724
2025-05-07T12:15:00.000-03:00:00,NE-MRBTS-621901,-4439354
2025-05-07T12:30:00.000-03:00:00,NE-MRBTS-621901,-4177106
2025-05-07T13:00:00.000-03:00:00,NE-MRBTS-621901,-3815990
2025-05-07T13:15:00.000-03:00:00,NE-MRBTS-621901,-3990014
2025-05-07T13:30:00.000-03:00:00,NE-MRBTS-621901,-3525021
2025-05-07T14:00:00.000-03:00:00,NE-MRBTS-621901,-3752326
2025-05-07T14:15:00.000-03:00:00,NE-MRBTS-621901,-4421631
2025-05-07T14:30:00.000-03:00:00,NE-MRBTS-621901,-4048494
2025-05-07T15:00:00.000-03:00:00,NE-MRBTS-621901,-4254738
2025-05-07T15:15:00.000-03:00:00,NE-MRBTS-621901,-4012790
2025-05-07T15:30:00.000-03:00:00,NE-MRBTS-621901,-4262018
2025-05-07T16:00:00.000-03:00:00,NE-MRBTS-621901,-3573078
2025-05-07T16:15:00.000-03:00:00,NE-MRBTS-621901,-3801652
2025-05-07T16:30:00.000-03:00:00,NE-MRBTS-621901,-3574131
2025-05-07T17:00:00.000-03:00:00,NE-MRBTS-621901,-4110660
2025-05-07T17:15:00.000-03:00:00,NE-MRBTS-621901,-4408104
2025-05-07T17:30:00.000-03:00:00,NE-MRBTS-621901,-3773427
2025-05-07T18:00:00.000-03:00:00,NE-MRBTS-621901,-2700168
2025-05-07T18:15:00.000-03:00:00,NE-MRBTS-621901,-2929539
2025-05-07T18:30:00.000-03:00:00,NE-MRBTS-621901,-4320637
2025-05-07T19:00:00.000-03:00:00,NE-MRBTS-621901,-3216781
2025-05-07T19:15:00.000-03:00:00,NE-MRBTS-621901,-3360279
2025-05-07T19:30:00.000-03:00:00,NE-MRBTS-621901,-3845544
2025-05-07T20:00:00.000-03:00:00,NE-MRBTS-621901,-3798667
2025-05-07T20:15:00.000-03:00:00,NE-MRBTS-621901,-3537762
2025-05-07T20:30:00.000-03:00:00,NE-MRBTS-621901,-3857928
2025-05-07T21:00:00.000-03:00:00,NE-MRBTS-621901,-4331146
2025-05-07T21:15:00.000-03:00:00,NE-MRBTS-621901,-4244851
2025-05-07T21:30:00.000-03:00:00,NE-MRBTS-621901,-3932166
2025-05-07T22:00:00.000-03:00:00,NE-MRBTS-621901,-4734889
2025-05-07T22:15:00.000-03:00:00,NE-MRBTS-621901,-4378163
2025-05-07T22:30:00.000-03:00:00,NE-MRBTS-621901,-4355353
2025-05-07T23:00:00.000-03:00:00,NE-MRBTS-621901,-4507384
2025-05-07T23:15:00.000-03:00:00,NE-MRBTS-621901,-3657327
2025-05-07T23:30:00.000-03:00:00,NE-MRBTS-621901,-3780088
2025-05-08T00:00:00.000-03:00:00,NE-MRBTS-621901,-4048740
2025-05-08T00:15:00.000-03:00:00,NE-MRBTS-621901,-3486261
2025-05-08T00:30:00.000-03:00:00,NE-MRBTS-621901,-3457555
2025-05-08T01:00:00.000-03:00:00,NE-MRBTS-621901,-3632358
2025-05-08T01:15:00.000-03:00:00,NE-MRBTS-621901,-3457257
2025-05-08T01:30:00.000-03:00:00,NE-MRBTS-621901,-3496144
2025-05-08T02:00:00.000-03:00:00,NE-MRBTS-621901,-3733904
2025-05-08T02:15:00.000-03:00:00,NE-MRBTS-621901,-3905682
2025-05-08T02:30:00.000-03:00:00,NE-MRBTS-621901,-3170302
2025-05-08T03:00:00.000-03:00:00,NE-MRBTS-621901,-3172178
2025-05-08T03:15:00.000-03:00:00,NE-MRBTS-621901,-3616910
2025-05-08T03:30:00.000-03:00:00,NE-MRBTS-621901,-3857464
2025-05-08T04:00:00.000-03:00:00,NE-MRBTS-621901,-4124146
2025-05-08T04:15:00.000-03:00:00,NE-MRBTS-621901,-3421456
2025-05-08T04:30:00.000-03:00:00,NE-MRBTS-621901,-3303869
2025-05-08T05:00:00.000-03:00:00,NE-MRBTS-621901,-3151833
2025-05-08T05:15:00.000-03:00:00,NE-MRBTS-621901,-2799230
2025-05-08T05:30:00.000-03:00:00,NE-MRBTS-621901,-3477747
2025-05-08T06:00:00.000-03:00:00,NE-MRBTS-621901,-3780253
2025-05-08T06:15:00.000-03:00:00,NE-MRBTS-621901,-3368758
2025-05-08T06:30:00.000-03:00:00,NE-MRBTS-621901,-3781501
2025-05-08T07:00:00.000-03:00:00,NE-MRBTS-621901,-3841444
2025-05-08T07:15:00.000-03:00:00,NE-MRBTS-621901,-4391027
2025-05-08T07:30:00.000-03:00:00,NE-MRBTS-621901,-3883612
2025-05-08T08:00:00.000-03:00:00,NE-MRBTS-621901,-3817742
2025-05-08T08:15:00.000-03:00:00,NE-MRBTS-621901,-4443884
2025-05-08T08:30:00.000-03:00:00,NE-MRBTS-621901,-3534756
2025-05-08T09:00:00.000-03:00:00,NE-MRBTS-621901,-4084606
2025-05-08T09:15:00.000-03:00:00,NE-MRBTS-621901,-3646320
2025-05-08T09:30:00.000-03:00:00,NE-MRBTS-621901,-3905601
2025-05-08T10:00:00.000-03:00:00,NE-MRBTS-621901,-3899962
2025-05-08T10:15:00.000-03:00:00,NE-MRBTS-621901,-3962249
2025-05-08T10:30:00.000-03:00:00,NE-MRBTS-621901,-4135539
2025-05-08T11:00:00.000-03:00:00,NE-MRBTS-621901,-3516790
2025-05-08T11:15:00.000-03:00:00,NE-MRBTS-621901,-3862394
2025-05-08T11:30:00.000-03:00:00,NE-MRBTS-621901,-4169992
2025-05-08T12:00:00.000-03:00:00,NE-MRBTS-621901,-4052638
2025-05-08T12:15:00.000-03:00:00,NE-MRBTS-621901,-3417965
2025-05-08T12:30:00.000-03:00:00,NE-MRBTS-621901,-3739323
2025-05-08T13:00:00.000-03:00:00,NE-MRBTS-621901,-4109897
2025-05-08T13:15:00.000-03:00:00,NE-MRBTS-621901,-3711242
2025-05-08T13:30:00.000-03:00:00,NE-MRBTS-621901,-3859781
2025-05-08T14:00:00.000-03:00:00,NE-MRBTS-621901,-4073903
2025-05-08T14:15:00.000-03:00:00,NE-MRBTS-621901,-3669539
2025-05-08T14:30:00.000-03:00:00,NE-MRBTS-621901,-3949922
2025-05-08T15:00:00.000-03:00:00,NE-MRBTS-621901,-4014404
2025-05-08T15:15:00.000-03:00:00,NE-MRBTS-621901,-4009790
2025-05-08T15:30:00.000-03:00:00,NE-MRBTS-621901,-4159078
2025-05-08T16:00:00.000-03:00:00,NE-MRBTS-621901,-3849079
2025-05-08T16:15:00.000-03:00:00,NE-MRBTS-621901,-4338393
2025-05-08T16:30:00.000-03:00:00,NE-MRBTS-621901,-3687149
2025-05-06T15:00:00.000-03:00:00,NE-MRBTS-690204,5534438
2025-05-06T15:15:00.000-03:00:00,NE-MRBTS-690204,5249478
2025-05-06T15:30:00.000-03:00:00,NE-MRBTS-690204,5480490
2025-05-06T16:00:00.000-03:00:00,NE-MRBTS-690204,5500430
2025-05-06T16:15:00.000-03:00:00,NE-MRBTS-690204,6140856
2025-05-06T16:30:00.000-03:00:00,NE-MRBTS-690204,5167489
2025-05-06T17:00:00.000-03:00:00,NE-MRBTS-690204,6027723
2025-05-06T17:15:00.000-03:00:00,NE-MRBTS-690204,6384691
2025-05-06T17:30:00.000-03:00:00,NE-MRBTS-690204,5492160
2025-05-06T18:00:00.000-03:00:00,NE-MRBTS-690204,5666074
2025-05-06T18:15:00.000-03:00:00,NE-MRBTS-690204,6062256
2025-05-06T18:30:00.000-03:00:00,NE-MRBTS-690204,5473064
2025-05-06T19:00:00.000-03:00:00,NE-MRBTS-690204,5312451
2025-05-06T19:15:00.000-03:00:00,NE-MRBTS-690204,6087713
2025-05-06T19:30:00.000-03:00:00,NE-MRBTS-690204,5534739
2025-05-06T20:00:00.000-03:00:00,NE-MRBTS-690204,5819612
2025-05-06T20:15:00.000-03:00:00,NE-MRBTS-690204,5988151
2025-05-06T20:30:00.000-03:00:00,NE-MRBTS-690204,5508881
2025-05-06T21:00:00.000-03:00:00,NE-MRBTS-690204,4438334
2025-05-06T21:15:00.000-03:00:00,NE-MRBTS-690204,5797641
2025-05-06T21:30:00.000-03:00:00,NE-MRBTS-690204,5809992
2025-05-06T22:00:00.000-03:00:00,NE-MRBTS-690204,5823162
2025-05-06T22:15:00.000-03:00:00,NE-MRBTS-690204,5422572
2025-05-06T22:30:00.000-03:00:00,NE-MRBTS-690204,5031673
2025-05-06T23:00:00.000-03:00:00,NE-MRBTS-690204,5796107
2025-05-06T23:15:00.000-03:00:00,NE-MRBTS-690204,4964147
2025-05-06T23:30:00.000-03:00:00,NE-MRBTS-690204,5894383
2025-05-07T00:00:00.000-03:00:00,NE-MRBTS-690204,5456153
2025-05-07T00:15:00.000-03:00:00,NE-MRBTS-690204,4694624
2025-05-07T00:30:00.000-03:00:00,NE-MRBTS-690204,5800516
2025-05-07T01:00:00.000-03:00:00,NE-MRBTS-690204,6183958
2025-05-07T01:15:00.000-03:00:00,NE-MRBTS-690204,6137107
2025-05-07T01:30:00.000-03:00:00,NE-MRBTS-690204,6142267
2025-05-07T02:00:00.000-03:00:00,NE-MRBTS-690204,5467940
2025-05-07T02:15:00.000-03:00:00,NE-MRBTS-690204,6313056
2025-05-07T02:30:00.000-03:00:00,NE-MRBTS-690204,6246191
2025-05-07T03:00:00.000-03:00:00,NE-MRBTS-690204,5487555
2025-05-07T03:15:00.000-03:00:00,NE-MRBTS-690204,4806068
2025-05-07T03:30:00.000-03:00:00,NE-MRBTS-690204,6121491
2025-05-07T04:00:00.000-03:00:00,NE-MRBTS-690204,6239587
2025-05-07T04:15:00.000-03:00:00,NE-MRBTS-690204,5499647
2025-05-07T04:30:00.000-03:00:00,NE-MRBTS-690204,4618955
2025-05-07T05:00:00.000-03:00:00,NE-MRBTS-690204,5693563
2025-05-07T05:15:00.000-03:00:00,NE-MRBTS-690204,4495251
2025-05-07T05:30:00.000-03:00:00,NE-MRBTS-690204,5957348
2025-05-07T06:00:00.000-03:00:00,NE-MRBTS-690204,6305979
2025-05-07T06:15:00.000-03:00:00,NE-MRBTS-690204,5151961
2025-05-07T06:30:00.000-03:00:00,NE-MRBTS-690204,6046947
2025-05-07T07:00:00.000-03:00:00,NE-MRBTS-690204,5093814
2025-05-07T07:15:00.000-03:00:00,NE-MRBTS-690204,5834691
2025-05-07T07:30:00.000-03:00:00,NE-MRBTS-690204,5439986
2025-05-07T08:00:00.000-03:00:00,NE-MRBTS-690204,5870352
2025-05-07T08:15:00.000-03:00:00,NE-MRBTS-690204,5631029
2025-05-07T08:30:00.000-03:00:00,NE-MRBTS-690204,5899438
2025-05-07T09:00:00.000-03:00:00,NE-MRBTS-690204,6025846
2025-05-07T09:15:00.000-03:00:00,NE-MRBTS-690204,6240967
2025-05-07T09:30:00.000-03:00:00,NE-MRBTS-690204,5755242
2025-05-07T10:00:00.000-03:00:00,NE-MRBTS-690204,6046512
2025-05-07T10:15:00.000-03:00:00,NE-MRBTS-690204,5798894
2025-05-07T10:30:00.000-03:00:00,NE-MRBTS-690204,6032302
2025-05-07T11:00:00.000-03:00:00,NE-MRBTS-690204,6232191
2025-05-07T11:15:00.000-03:00:00,NE-MRBTS-690204,4490509
2025-05-07T11:30:00.000-03:00:00,NE-MRBTS-690204,5103513
2025-05-07T12:00:00.000-03:00:00,NE-MRBTS-690204,5676521
2025-05-07T12:15:00.000-03:00:00,NE-MRBTS-690204,4399298
2025-05-07T12:30:00.000-03:00:00,NE-MRBTS-690204,5447561
2025-05-07T13:00:00.000-03:00:00,NE-MRBTS-690204,6025486
2025-05-07T13:15:00.000-03:00:00,NE-MRBTS-690204,6038447
2025-05-07T13:30:00.000-03:00:00,NE-MRBTS-690204,5935262
2025-05-07T14:00:00.000-03:00:00,NE-MRBTS-690204,5881944
2025-05-07T14:15:00.000-03:00:00,NE-MRBTS-690204,5529502
2025-05-07T14:30:00.000-03:00:00,NE-MRBTS-690204,6043086
2025-05-07T15:00:00.000-03:00:00,NE-MRBTS-690204,5885171
2025-05-07T15:15:00.000-03:00:00,NE-MRBTS-690204,5900988
2025-05-07T15:30:00.000-03:00:00,NE-MRBTS-690204,5196327
2025-05-07T16:00:00.000-03:00:00,NE-MRBTS-690204,5333839
2025-05-07T16:15:00.000-03:00:00,NE-MRBTS-690204,5711421
2025-05-07T16:30:00.000-03:00:00,NE-MRBTS-690204,6040509
2025-05-07T17:00:00.000-03:00:00,NE-MRBTS-690204,5436429
2025-05-07T17:15:00.000-03:00:00,NE-MRBTS-690204,5928638
2025-05-07T17:30:00.000-03:00:00,NE-MRBTS-690204,5668481
2025-05-07T18:00:00.000-03:00:00,NE-MRBTS-690204,5860203
2025-05-07T18:15:00.000-03:00:00,NE-MRBTS-690204,5314388
2025-05-07T18:30:00.000-03:00:00,NE-MRBTS-690204,5648255
2025-05-07T19:00:00.000-03:00:00,NE-MRBTS-690204,4867976
2025-05-07T19:15:00.000-03:00:00,NE-MRBTS-690204,5987114
2025-05-07T19:30:00.000-03:00:00,NE-MRBTS-690204,5468714
2025-05-07T20:00:00.000-03:00:00,NE-MRBTS-690204,5787815
2025-05-07T20:15:00.000-03:00:00,NE-MRBTS-690204,5891307
2025-05-07T20:30:00.000-03:00:00,NE-MRBTS-690204,6032585
2025-05-07T21:00:00.000-03:00:00,NE-MRBTS-690204,6022115
2025-05-07T21:15:00.000-03:00:00,NE-MRBTS-690204,6305278
2025-05-07T21:30:00.000-03:00:00,NE-MRBTS-690204,6352316
2025-05-07T22:00:00.000-03:00:00,NE-MRBTS-690204,6088616
2025-05-07T22:15:00.000-03:00:00,NE-MRBTS-690204,6120340
2025-05-07T22:30:00.000-03:00:00,NE-MRBTS-690204,5547549
2025-05-07T23:00:00.000-03:00:00,NE-MRBTS-690204,6008583
2025-05-07T23:15:00.000-03:00:00,NE-MRBTS-690204,6124984
2025-05-07T23:30:00.000-03:00:00,NE-MRBTS-690204,6140276
2025-05-08T00:00:00.000-03:00:00,NE-MRBTS-690204,6023164
2025-05-08T00:15:00.000-03:00:00,NE-MRBTS-690204,5942904
2025-05-08T00:30:00.000-03:00:00,NE-MRBTS-690204,6077716
2025-05-08T01:00:00.000-03:00:00,NE-MRBTS-690204,5824529
2025-05-08T01:15:00.000-03:00:00,NE-MRBTS-690204,5965082
2025-05-08T01:30:00.000-03:00:00,NE-MRBTS-690204,5979220
2025-05-08T02:00:00.000-03:00:00,NE-MRBTS-690204,6021182
2025-05-08T02:15:00.000-03:00:00,NE-MRBTS-690204,6310540
2025-05-08T02:30:00.000-03:00:00,NE-MRBTS-690204,6205665
2025-05-08T03:00:00.000-03:00:00,NE-MRBTS-690204,4745989
2025-05-08T03:15:00.000-03:00:00,NE-MRBTS-690204,5721309
2025-05-08T03:30:00.000-03:00:00,NE-MRBTS-690204,5228867
2025-05-08T04:00:00.000-03:00:00,NE-MRBTS-690204,6167672
2025-05-08T04:15:00.000-03:00:00,NE-MRBTS-690204,6218883
2025-05-08T04:30:00.000-03:00:00,NE-MRBTS-690204,6404162
2025-05-08T05:00:00.000-03:00:00,NE-MRBTS-690204,5862734
2025-05-08T05:15:00.000-03:00:00,NE-MRBTS-690204,5939772
2025-05-08T05:30:00.000-03:00:00,NE-MRBTS-690204,5925510
2025-05-08T06:00:00.000-03:00:00,NE-MRBTS-690204,5480235
2025-05-08T06:15:00.000-03:00:00,NE-MRBTS-690204,5190838
2025-05-08T06:30:00.000-03:00:00,NE-MRBTS-690204,5686064
2025-05-08T07:00:00.000-03:00:00,NE-MRBTS-690204,6131750
2025-05-08T07:15:00.000-03:00:00,NE-MRBTS-690204,6322261
2025-05-08T07:30:00.000-03:00:00,NE-MRBTS-690204,5305260
2025-05-08T08:00:00.000-03:00:00,NE-MRBTS-690204,5206573
2025-05-08T08:15:00.000-03:00:00,NE-MRBTS-690204,5488976
2025-05-08T08:30:00.000-03:00:00,NE-MRBTS-690204,6159138
2025-05-08T09:00:00.000-03:00:00,NE-MRBTS-690204,6007773
2025-05-08T09:15:00.000-03:00:00,NE-MRBTS-690204,5949237
2025-05-08T09:30:00.000-03:00:00,NE-MRBTS-690204,6057832
2025-05-08T10:00:00.000-03:00:00,NE-MRBTS-690204,6179840
2025-05-08T10:15:00.000-03:00:00,NE-MRBTS-690204,6294609
2025-05-08T10:30:00.000-03:00:00,NE-MRBTS-690204,5654554
2025-05-08T11:00:00.000-03:00:00,NE-MRBTS-690204,6055453
2025-05-08T11:15:00.000-03:00:00,NE-MRBTS-690204,6310843
2025-05-08T11:30:00.000-03:00:00,NE-MRBTS-690204,5872284
2025-05-08T12:00:00.000-03:00:00,NE-MRBTS-690204,5506405
2025-05-08T12:15:00.000-03:00:00,NE-MRBTS-690204,6317826
2025-05-08T12:30:00.000-03:00:00,NE-MRBTS-690204,6091760
2025-05-08T13:00:00.000-03:00:00,NE-MRBTS-690204,5975861
2025-05-08T13:15:00.000-03:00:00,NE-MRBTS-690204,6300092
2025-05-08T13:30:00.000-03:00:00,NE-MRBTS-690204,6171052
2025-05-08T14:00:00.000-03:00:00,NE-MRBTS-690204,5834323
2025-05-08T14:15:00.000-03:00:00,NE-MRBTS-690204,6231402
2025-05-08T14:30:00.000-03:00:00,NE-MRBTS-690204,5383351
2025-05-08T15:00:00.000-03:00:00,NE-MRBTS-690204,6531618
2025-05-08T15:15:00.000-03:00:00,NE-MRBTS-690204,5109331
2025-05-08T15:30:00.000-03:00:00,NE-MRBTS-690204,6057102
2025-05-08T16:00:00.000-03:00:00,NE-MRBTS-690204,6214954
2025-05-08T16:15:00.000-03:00:00,NE-MRBTS-690204,6015014
2025-05-08T16:30:00.000-03:00:00,NE-MRBTS-690204,5828541
2025-05-06T15:00:00.000-03:00:00,NE-MRBTS-772601,-3310582
2025-05-06T15:15:00.000-03:00:00,NE-MRBTS-772601,-3870481
2025-05-06T15:30:00.000-03:00:00,NE-MRBTS-772601,-3901009
2025-05-06T16:00:00.000-03:00:00,NE-MRBTS-772601,-4193446
2025-05-06T16:15:00.000-03:00:00,NE-MRBTS-772601,-3866445
2025-05-06T16:30:00.000-03:00:00,NE-MRBTS-772601,-3510027
2025-05-06T17:00:00.000-03:00:00,NE-MRBTS-772601,-3366490
2025-05-06T17:15:00.000-03:00:00,NE-MRBTS-772601,-3334854
2025-05-06T17:30:00.000-03:00:00,NE-MRBTS-772601,-3809959
2025-05-06T18:00:00.000-03:00:00,NE-MRBTS-772601,-3543024
2025-05-06T18:15:00.000-03:00:00,NE-MRBTS-772601,-3452944
2025-05-06T18:30:00.000-03:00:00,NE-MRBTS-772601,-3599253
2025-05-06T19:00:00.000-03:00:00,NE-MRBTS-772601,-3246424
2025-05-06T19:15:00.000-03:00:00,NE-MRBTS-772601,-3070982
2025-05-06T19:30:00.000-03:00:00,NE-MRBTS-772601,-3961192
2025-05-06T20:00:00.000-03:00:00,NE-MRBTS-772601,-3871366
2025-05-06T20:15:00.000-03:00:00,NE-MRBTS-772601,-3812381
2025-05-06T20:30:00.000-03:00:00,NE-MRBTS-772601,-3667094
2025-05-06T21:00:00.000-03:00:00,NE-MRBTS-772601,-4253688
2025-05-06T21:15:00.000-03:00:00,NE-MRBTS-772601,-3456494
2025-05-06T21:30:00.000-03:00:00,NE-MRBTS-772601,-3602010
2025-05-06T22:00:00.000-03:00:00,NE-MRBTS-772601,-3720220
2025-05-06T22:15:00.000-03:00:00,NE-MRBTS-772601,-3957338
2025-05-06T22:30:00.000-03:00:00,NE-MRBTS-772601,-4131979
2025-05-06T23:00:00.000-03:00:00,NE-MRBTS-772601,-3722364
2025-05-06T23:15:00.000-03:00:00,NE-MRBTS-772601,-3729628
2025-05-06T23:30:00.000-03:00:00,NE-MRBTS-772601,-3311047
2025-05-07T00:00:00.000-03:00:00,NE-MRBTS-772601,-3516598
2025-05-07T00:15:00.000-03:00:00,NE-MRBTS-772601,-3844865
2025-05-07T00:30:00.000-03:00:00,NE-MRBTS-772601,-4111773
2025-05-07T01:00:00.000-03:00:00,NE-MRBTS-772601,-3256358
2025-05-07T01:15:00.000-03:00:00,NE-MRBTS-772601,-3699053
2025-05-07T01:30:00.000-03:00:00,NE-MRBTS-772601,-3497073
2025-05-07T02:00:00.000-03:00:00,NE-MRBTS-772601,-3885120
2025-05-07T02:15:00.000-03:00:00,NE-MRBTS-772601,-3263497
2025-05-07T02:30:00.000-03:00:00,NE-MRBTS-772601,-3260088
2025-05-07T03:00:00.000-03:00:00,NE-MRBTS-772601,-4238117
2025-05-07T03:15:00.000-03:00:00,NE-MRBTS-772601,-4209581
2025-05-07T03:30:00.000-03:00:00,NE-MRBTS-772601,-3438625
2025-05-07T04:00:00.000-03:00:00,NE-MRBTS-772601,-3916878
2025-05-07T04:15:00.000-03:00:00,NE-MRBTS-772601,-3794238
2025-05-07T04:30:00.000-03:00:00,NE-MRBTS-772601,-3383160
2025-05-07T05:00:00.000-03:00:00,NE-MRBTS-772601,-3265507
2025-05-07T05:15:00.000-03:00:00,NE-MRBTS-772601,-4279917
2025-05-07T05:30:00.000-03:00:00,NE-MRBTS-772601,-4425203
2025-05-07T06:00:00.000-03:00:00,NE-MRBTS-772601,-3563009
2025-05-07T06:15:00.000-03:00:00,NE-MRBTS-772601,-3086541
2025-05-07T06:30:00.000-03:00:00,NE-MRBTS-772601,-3680127
2025-05-07T07:00:00.000-03:00:00,NE-MRBTS-772601,-3762932
2025-05-07T07:15:00.000-03:00:00,NE-MRBTS-772601,-3700897
2025-05-07T07:30:00.000-03:00:00,NE-MRBTS-772601,-3345278
2025-05-07T08:00:00.000-03:00:00,NE-MRBTS-772601,-3934305
2025-05-07T08:15:00.000-03:00:00,NE-MRBTS-772601,-4149815
2025-05-07T08:30:00.000-03:00:00,NE-MRBTS-772601,-3407234
2025-05-07T09:00:00.000-03:00:00,NE-MRBTS-772601,-3465550
2025-05-07T09:15:00.000-03:00:00,NE-MRBTS-772601,-3877582
2025-05-07T09:30:00.000-03:00:00,NE-MRBTS-772601,-4080518
2025-05-07T10:00:00.000-03:00:00,NE-MRBTS-772601,-3786769
2025-05-07T10:15:00.000-03:00:00,NE-MRBTS-772601,-3844737
2025-05-07T10:30:00.000-03:00:00,NE-MRBTS-772601,-3282252
2025-05-07T11:00:00.000-03:00:00,NE-MRBTS-772601,-3578445
2025-05-07T11:15:00.000-03:00:00,NE-MRBTS-772601,-3252927
2025-05-07T11:30:00.000-03:00:00,NE-MRBTS-772601,-3667078
2025-05-07T12:00:00.000-03:00:00,NE-MRBTS-772601,-3576596
2025-05-07T12:15:00.000-03:00:00,NE-MRBTS-772601,-4168056
2025-05-07T12:30:00.000-03:00:00,NE-MRBTS-772601,-4080712
2025-05-07T13:00:00.000-03:00:00,NE-MRBTS-772601,-3604784
2025-05-07T13:15:00.000-03:00:00,NE-MRBTS-772601,-3576989
2025-05-07T13:30:00.000-03:00:00,NE-MRBTS-772601,-3662631
2025-05-07T14:00:00.000-03:00:00,NE-MRBTS-772601,-3485596
2025-05-07T14:15:00.000-03:00:00,NE-MRBTS-772601,-3517462
2025-05-07T14:30:00.000-03:00:00,NE-MRBTS-772601,-4163072
2025-05-07T15:00:00.000-03:00:00,NE-MRBTS-772601,-3456495
2025-05-07T15:15:00.000-03:00:00,NE-MRBTS-772601,-3426634
2025-05-07T15:30:00.000-03:00:00,NE-MRBTS-772601,-3453347
2025-05-07T16:00:00.000-03:00:00,NE-MRBTS-772601,-3904817
2025-05-07T16:15:00.000-03:00:00,NE-MRBTS-772601,-3870331
2025-05-07T16:30:00.000-03:00:00,NE-MRBTS-772601,-2922366
2025-05-07T17:00:00.000-03:00:00,NE-MRBTS-772601,-2953529
2025-05-07T17:15:00.000-03:00:00,NE-MRBTS-772601,-3925590
2025-05-07T17:30:00.000-03:00:00,NE-MRBTS-772601,-3781025
2025-05-07T18:00:00.000-03:00:00,NE-MRBTS-772601,-3898155
2025-05-07T18:15:00.000-03:00:00,NE-MRBTS-772601,-3981922
2025-05-07T18:30:00.000-03:00:00,NE-MRBTS-772601,-3604351
2025-05-07T19:00:00.000-03:00:00,NE-MRBTS-772601,-3808623
2025-05-07T19:15:00.000-03:00:00,NE-MRBTS-772601,-3803281
2025-05-07T19:30:00.000-03:00:00,NE-MRBTS-772601,-3922713
2025-05-07T20:00:00.000-03:00:00,NE-MRBTS-772601,-3070963
2025-05-07T20:15:00.000-03:00:00,NE-MRBTS-772601,-3481496
2025-05-07T20:30:00.000-03:00:00,NE-MRBTS-772601,-3511516
2025-05-07T21:00:00.000-03:00:00,NE-MRBTS-772601,-4724311
2025-05-07T21:15:00.000-03:00:00,NE-MRBTS-772601,-3958392
2025-05-07T21:30:00.000-03:00:00,NE-MRBTS-772601,-4046157
2025-05-07T22:00:00.000-03:00:00,NE-MRBTS-772601,-3666829
2025-05-07T22:15:00.000-03:00:00,NE-MRBTS-772601,-3753443
2025-05-07T22:30:00.000-03:00:00,NE-MRBTS-772601,-3456884
2025-05-07T23:00:00.000-03:00:00,NE-MRBTS-772601,-3397401
2025-05-07T23:15:00.000-03:00:00,NE-MRBTS-772601,-4141354
2025-05-07T23:30:00.000-03:00:00,NE-MRBTS-772601,-3759178
2025-05-08T00:00:00.000-03:00:00,NE-MRBTS-772601,-3196873
2025-05-08T00:15:00.000-03:00:00,NE-MRBTS-772601,-3997405
2025-05-08T00:30:00.000-03:00:00,NE-MRBTS-772601,-3313560
2025-05-08T01:00:00.000-03:00:00,NE-MRBTS-772601,-3259828
2025-05-08T01:15:00.000-03:00:00,NE-MRBTS-772601,-4087399
2025-05-08T01:30:00.000-03:00:00,NE-MRBTS-772601,-3794243
2025-05-08T02:00:00.000-03:00:00,NE-MRBTS-772601,-2931390
2025-05-08T02:15:00.000-03:00:00,NE-MRBTS-772601,-3612206
2025-05-08T02:30:00.000-03:00:00,NE-MRBTS-772601,-3345045
2025-05-08T03:00:00.000-03:00:00,NE-MRBTS-772601,-3819018
2025-05-08T03:15:00.000-03:00:00,NE-MRBTS-772601,-3169942
2025-05-08T03:30:00.000-03:00:00,NE-MRBTS-772601,-3582584
2025-05-08T04:00:00.000-03:00:00,NE-MRBTS-772601,-3708708
2025-05-08T04:15:00.000-03:00:00,NE-MRBTS-772601,-3115820
2025-05-08T04:30:00.000-03:00:00,NE-MRBTS-772601,-3477581
2025-05-08T05:00:00.000-03:00:00,NE-MRBTS-772601,-3322518
2025-05-08T05:15:00.000-03:00:00,NE-MRBTS-772601,-3502312
2025-05-08T05:30:00.000-03:00:00,NE-MRBTS-772601,-3919058
2025-05-08T06:00:00.000-03:00:00,NE-MRBTS-772601,-3383366
2025-05-08T06:15:00.000-03:00:00,NE-MRBTS-772601,-3088256
2025-05-08T06:30:00.000-03:00:00,NE-MRBTS-772601,-3832288
2025-05-08T07:00:00.000-03:00:00,NE-MRBTS-772601,-4065056
2025-05-08T07:15:00.000-03:00:00,NE-MRBTS-772601,-3525806
2025-05-08T07:30:00.000-03:00:00,NE-MRBTS-772601,-3406012
2025-05-08T08:00:00.000-03:00:00,NE-MRBTS-772601,-3787318
2025-05-08T08:15:00.000-03:00:00,NE-MRBTS-772601,-3166988
2025-05-08T08:30:00.000-03:00:00,NE-MRBTS-772601,-3374956
2025-05-08T09:00:00.000-03:00:00,NE-MRBTS-772601,-3868645
2025-05-08T09:15:00.000-03:00:00,NE-MRBTS-772601,-3986039
2025-05-08T09:30:00.000-03:00:00,NE-MRBTS-772601,-3483508
2025-05-08T10:00:00.000-03:00:00,NE-MRBTS-772601,-3836478
2025-05-08T10:15:00.000-03:00:00,NE-MRBTS-772601,-3778616
2025-05-08T10:30:00.000-03:00:00,NE-MRBTS-772601,-3483831
2025-05-08T11:00:00.000-03:00:00,NE-MRBTS-772601,-3747972
2025-05-08T11:15:00.000-03:00:00,NE-MRBTS-772601,-3451343
2025-05-08T11:30:00.000-03:00:00,NE-MRBTS-772601,-3598637
2025-05-08T12:00:00.000-03:00:00,NE-MRBTS-772601,-3654508
2025-05-08T12:15:00.000-03:00:00,NE-MRBTS-772601,-3888540
2025-05-08T12:30:00.000-03:00:00,NE-MRBTS-772601,-3507451
2025-05-08T13:00:00.000-03:00:00,NE-MRBTS-772601,-3975216
2025-05-08T13:15:00.000-03:00:00,NE-MRBTS-772601,-3595942
2025-05-08T13:30:00.000-03:00:00,NE-MRBTS-772601,-3797917
2025-05-08T14:00:00.000-03:00:00,NE-MRBTS-772601,-3268816
2025-05-08T14:15:00.000-03:00:00,NE-MRBTS-772601,-4356426
2025-05-08T14:30:00.000-03:00:00,NE-MRBTS-772601,-3918883
2025-05-08T15:00:00.000-03:00:00,NE-MRBTS-772601,-4065055
2025-05-08T15:15:00.000-03:00:00,NE-MRBTS-772601,-3390301
2025-05-08T15:30:00.000-03:00:00,NE-MRBTS-772601,-3798623
2025-05-08T16:00:00.000-03:00:00,NE-MRBTS-772601,-3623974
2025-05-08T16:15:00.000-03:00:00,NE-MRBTS-772601,-3920834
2025-05-08T16:30:00.000-03:00:00,NE-MRBTS-772601,-3365329
