createAt,manageObject,M8066C17,M8066C19,M8066C29,M8066C30,M8066C56,M8066C57,M8066C55,M8066C14,M8066C15,M8066C16,M8066C18,M8066C58,M8066C20,M8066C27
2025-05-06T14:00:00.000-04:00:00,NE-MRBTS-660701,146250,629973,,,,,,,,,,,,
2025-05-06T14:15:00.000-04:00:00,NE-MRBTS-660701,146250,630035,,,,,,,,,,,,
2025-05-06T14:30:00.000-04:00:00,NE-MRBTS-660701,146250,629973,,,,,,,,,,,,
2025-05-06T15:00:00.000-04:00:00,NE-MRBTS-660701,146250,629973,,,,,,,,,,,,
2025-05-06T15:15:00.000-04:00:00,NE-MRBTS-660701,146250,630019,,,,,,,,,,,,
2025-05-06T15:30:00.000-04:00:00,NE-MRBTS-660701,146250,629989,,,,,,,,,,,,
2025-05-06T15:45:00.000-04:00:00,NE-MRBTS-660701,146250,629987,,,,,,,,,,,,
2025-05-06T16:00:00.000-04:00:00,NE-MRBTS-660701,146250,630021,,,,,,,,,,,,
2025-05-06T16:15:00.000-04:00:00,NE-MRBTS-660701,146250,629971,,,,,,,,,,,,
2025-05-06T16:30:00.000-04:00:00,NE-MRBTS-660701,146250,630037,,,,,,,,,,,,
2025-05-06T16:45:00.000-04:00:00,NE-MRBTS-660701,146455,629971,1.0,1.0,349.0,117.0,8.0,401.0,98.0,880.0,31.0,195.0,,
2025-05-06T17:00:00.000-04:00:00,NE-MRBTS-660701,146250,630037,,,,,,,,,,,,
2025-05-06T17:15:00.000-04:00:00,NE-MRBTS-660701,146250,629971,,,,,,,,,,,,
2025-05-06T17:30:00.000-04:00:00,NE-MRBTS-660701,146250,630005,,,,,,,,,,,,
2025-05-06T17:45:00.000-04:00:00,NE-MRBTS-660701,146250,630003,,,,,,,,,,,,
2025-05-06T18:00:00.000-04:00:00,NE-MRBTS-660701,146250,629973,,,,,,,,,,,,
2025-05-06T18:15:00.000-04:00:00,NE-MRBTS-660701,146250,630035,,,,,,,,,,,,
2025-05-06T18:30:00.000-04:00:00,NE-MRBTS-660701,146250,629973,,,,,,,,,,,,
2025-05-06T18:45:00.000-04:00:00,NE-MRBTS-660701,146250,630035,,,,,,,,,,,,
2025-05-06T19:00:00.000-04:00:00,NE-MRBTS-660701,146250,629973,,,,,,,,,,,,
2025-05-06T19:15:00.000-04:00:00,NE-MRBTS-660701,146250,630019,,,,,,,,,,,,
2025-05-06T19:30:00.000-04:00:00,NE-MRBTS-660701,146250,629989,,,,,,,,,,,,
2025-05-06T19:45:00.000-04:00:00,NE-MRBTS-660701,146250,629987,,,,,,,,,,,,
2025-05-06T20:00:00.000-04:00:00,NE-MRBTS-660701,146250,630021,,,,,,,,,,,,
2025-05-06T20:15:00.000-04:00:00,NE-MRBTS-660701,146250,629971,,,,,,,,,,,,
2025-05-06T20:30:00.000-04:00:00,NE-MRBTS-660701,146250,630037,,,,,,,,,,,,
2025-05-06T20:45:00.000-04:00:00,NE-MRBTS-660701,146250,629971,,,,,,,,,,,,
2025-05-06T21:00:00.000-04:00:00,NE-MRBTS-660701,146250,630037,,,,,,,,,,,,
2025-05-06T21:15:00.000-04:00:00,NE-MRBTS-660701,146250,629971,,,,,,,,,,,,
2025-05-06T21:30:00.000-04:00:00,NE-MRBTS-660701,146250,630005,,,,,,,,,,,,
2025-05-06T21:45:00.000-04:00:00,NE-MRBTS-660701,146250,630003,,,,,,,,,,,,
2025-05-06T22:00:00.000-04:00:00,NE-MRBTS-660701,146250,629973,,,,,,,,,,,,
2025-05-06T22:15:00.000-04:00:00,NE-MRBTS-660701,146250,630035,,,,,,,,,,,,
2025-05-06T22:30:00.000-04:00:00,NE-MRBTS-660701,146250,629973,,,,,,,,,,,,
2025-05-06T22:45:00.000-04:00:00,NE-MRBTS-660701,146250,630035,,,,,,,,,,,,
2025-05-06T23:00:00.000-04:00:00,NE-MRBTS-660701,146250,629973,,,,,,,,,,,,
2025-05-06T23:15:00.000-04:00:00,NE-MRBTS-660701,146250,630019,,,,,,,,,,,,
2025-05-06T23:30:00.000-04:00:00,NE-MRBTS-660701,146250,629989,,,,,,,,,,,,
2025-05-06T23:45:00.000-04:00:00,NE-MRBTS-660701,146250,629987,,,,,,,,,,,,
2025-05-07T00:00:00.000-04:00:00,NE-MRBTS-660701,146250,630021,,,,,,,,,,,,
2025-05-07T00:15:00.000-04:00:00,NE-MRBTS-660701,146250,629971,,,,,,,,,,,,
2025-05-07T00:30:00.000-04:00:00,NE-MRBTS-660701,146250,630037,,,,,,,,,,,,
2025-05-07T00:45:00.000-04:00:00,NE-MRBTS-660701,146250,629971,,,,,,,,,,,,
2025-05-07T01:00:00.000-04:00:00,NE-MRBTS-660701,146250,630037,,,,,,,,,,,,
2025-05-07T01:15:00.000-04:00:00,NE-MRBTS-660701,146250,629971,,,,,,,,,,,,
2025-05-07T01:30:00.000-04:00:00,NE-MRBTS-660701,146250,630005,,,,,,,,,,,,
2025-05-07T01:45:00.000-04:00:00,NE-MRBTS-660701,146250,630003,,,,,,,,,,,,
2025-05-07T02:00:00.000-04:00:00,NE-MRBTS-660701,146250,629973,,,,,,,,,,,,
2025-05-07T02:15:00.000-04:00:00,NE-MRBTS-660701,146250,630035,,,,,,,,,,,,
2025-05-07T02:30:00.000-04:00:00,NE-MRBTS-660701,146250,629973,,,,,,,,,,,,
2025-05-07T02:45:00.000-04:00:00,NE-MRBTS-660701,146250,630035,,,,,,,,,,,,
2025-05-07T03:00:00.000-04:00:00,NE-MRBTS-660701,146250,629973,,,,,,,,,,,,
2025-05-07T03:15:00.000-04:00:00,NE-MRBTS-660701,146250,630019,,,,,,,,,,,,
2025-05-07T03:30:00.000-04:00:00,NE-MRBTS-660701,146250,629989,,,,,,,,,,,,
2025-05-07T03:45:00.000-04:00:00,NE-MRBTS-660701,146250,629987,,,,,,,,,,,,
2025-05-07T04:00:00.000-04:00:00,NE-MRBTS-660701,146250,630021,,,,,,,,,,,,
2025-05-07T04:15:00.000-04:00:00,NE-MRBTS-660701,146250,629971,,,,,,,,,,,,
2025-05-07T04:30:00.000-04:00:00,NE-MRBTS-660701,146250,630037,,,,,,,,,,,,
2025-05-07T04:45:00.000-04:00:00,NE-MRBTS-660701,146250,629971,,,,,,,,,,,,
2025-05-07T05:00:00.000-04:00:00,NE-MRBTS-660701,146250,630037,,,,,,,,,,,,
2025-05-07T05:15:00.000-04:00:00,NE-MRBTS-660701,146250,629971,,,,,,,,,,,,
2025-05-07T05:30:00.000-04:00:00,NE-MRBTS-660701,146250,630005,,,,,,,,,,,,
2025-05-07T05:45:00.000-04:00:00,NE-MRBTS-660701,146250,630003,,,,,,,,,,,,
2025-05-07T06:00:00.000-04:00:00,NE-MRBTS-660701,146250,629973,,,,,,,,,,,,
2025-05-07T06:15:00.000-04:00:00,NE-MRBTS-660701,146250,630035,,,,,,,,,,,,
2025-05-07T06:30:00.000-04:00:00,NE-MRBTS-660701,146250,629973,,,,,,,,,,,,
2025-05-07T06:45:00.000-04:00:00,NE-MRBTS-660701,146250,630035,,,,,,,,,,,,
2025-05-07T07:00:00.000-04:00:00,NE-MRBTS-660701,146250,629973,,,,,,,,,,,,
2025-05-07T07:15:00.000-04:00:00,NE-MRBTS-660701,146250,630019,,,,,,,,,,,,
2025-05-07T07:30:00.000-04:00:00,NE-MRBTS-660701,146250,629989,,,,,,,,,,,,
2025-05-07T07:45:00.000-04:00:00,NE-MRBTS-660701,146250,629987,,,,,,,,,,,,
2025-05-07T08:00:00.000-04:00:00,NE-MRBTS-660701,146250,630021,,,,,,,,,,,,
2025-05-07T08:15:00.000-04:00:00,NE-MRBTS-660701,146250,629971,,,,,,,,,,,,
2025-05-07T08:30:00.000-04:00:00,NE-MRBTS-660701,146250,630037,,,,,,,,,,,,
2025-05-07T08:45:00.000-04:00:00,NE-MRBTS-660701,146250,629971,,,,,,,,,,,,
2025-05-07T09:00:00.000-04:00:00,NE-MRBTS-660701,146250,630037,,,,,,,,,,,,
2025-05-07T09:15:00.000-04:00:00,NE-MRBTS-660701,146250,629971,,,,,,,,,,,,
2025-05-07T09:30:00.000-04:00:00,NE-MRBTS-660701,146250,630005,,,,,,,,,,,,
2025-05-07T09:45:00.000-04:00:00,NE-MRBTS-660701,146250,630003,,,,,,,,,,,,
2025-05-07T10:00:00.000-04:00:00,NE-MRBTS-660701,146250,629973,,,,,,,,,,,,
2025-05-07T10:15:00.000-04:00:00,NE-MRBTS-660701,146250,630035,,,,,,,,,,,,
2025-05-07T10:30:00.000-04:00:00,NE-MRBTS-660701,146250,629973,,,,,,,,,,,,
2025-05-07T10:45:00.000-04:00:00,NE-MRBTS-660701,146250,630035,,,,,,,,,,,,
2025-05-07T11:00:00.000-04:00:00,NE-MRBTS-660701,146250,629973,,,,,,,,,,,,
2025-05-07T11:15:00.000-04:00:00,NE-MRBTS-660701,146250,630019,,,,,,,,,,,,
2025-05-07T11:30:00.000-04:00:00,NE-MRBTS-660701,146250,629989,,,,,,,,,,,,
2025-05-07T11:45:00.000-04:00:00,NE-MRBTS-660701,146250,629987,,,,,,,,,,,,
2025-05-07T12:00:00.000-04:00:00,NE-MRBTS-660701,146250,630021,,,,,,,,,,,,
2025-05-07T12:15:00.000-04:00:00,NE-MRBTS-660701,146250,629971,,,,,,,,,,,,
2025-05-07T12:30:00.000-04:00:00,NE-MRBTS-660701,146250,630037,,,,,,,,,,,,
2025-05-07T12:45:00.000-04:00:00,NE-MRBTS-660701,146250,629971,,,,,,,,,,,,
2025-05-07T13:00:00.000-04:00:00,NE-MRBTS-660701,146250,630037,,,,,,,,,,,,
2025-05-07T13:15:00.000-04:00:00,NE-MRBTS-660701,146250,629971,,,,,,,,,,,,
2025-05-07T13:30:00.000-04:00:00,NE-MRBTS-660701,146250,630005,,,,,,,,,,,,
2025-05-07T13:45:00.000-04:00:00,NE-MRBTS-660701,146250,630003,,,,,,,,,,,,
2025-05-07T14:00:00.000-04:00:00,NE-MRBTS-660701,146250,629973,,,,,,,,,,,,
2025-05-07T14:15:00.000-04:00:00,NE-MRBTS-660701,146250,630035,,,,,,,,,,,,
2025-05-07T14:30:00.000-04:00:00,NE-MRBTS-660701,146250,629973,,,,,,,,,,,,
2025-05-07T14:45:00.000-04:00:00,NE-MRBTS-660701,146250,630035,,,,,,,,,,,,
2025-05-07T15:00:00.000-04:00:00,NE-MRBTS-660701,146250,629973,,,,,,,,,,,,
2025-05-07T15:15:00.000-04:00:00,NE-MRBTS-660701,146250,630019,,,,,,,,,,,,
2025-05-07T15:30:00.000-04:00:00,NE-MRBTS-660701,146250,629989,,,,,,,,,,,,
2025-05-07T15:45:00.000-04:00:00,NE-MRBTS-660701,146250,629987,,,,,,,,,,,,
2025-05-07T16:00:00.000-04:00:00,NE-MRBTS-660701,146250,630021,,,,,,,,,,,,
2025-05-07T16:15:00.000-04:00:00,NE-MRBTS-660701,146250,629971,,,,,,,,,,,,
2025-05-07T16:30:00.000-04:00:00,NE-MRBTS-660701,146250,630037,,,,,,,,,,,,
2025-05-07T16:45:00.000-04:00:00,NE-MRBTS-660701,146250,629971,,,,,,,,,,,,
2025-05-07T17:00:00.000-04:00:00,NE-MRBTS-660701,146250,630037,,,,,,,,,,,,
2025-05-07T17:15:00.000-04:00:00,NE-MRBTS-660701,146250,629971,,,,,,,,,,,,
2025-05-07T17:30:00.000-04:00:00,NE-MRBTS-660701,146250,630005,,,,,,,,,,,,
2025-05-07T17:45:00.000-04:00:00,NE-MRBTS-660701,146250,630003,,,,,,,,,,,,
2025-05-07T18:00:00.000-04:00:00,NE-MRBTS-660701,146250,629973,,,,,,,,,,,,
2025-05-07T18:15:00.000-04:00:00,NE-MRBTS-660701,146250,630035,,,,,,,,,,,,
2025-05-07T18:30:00.000-04:00:00,NE-MRBTS-660701,146250,629973,,,,,,,,,,,,
2025-05-07T18:45:00.000-04:00:00,NE-MRBTS-660701,146250,630035,,,,,,,,,,,,
2025-05-07T19:00:00.000-04:00:00,NE-MRBTS-660701,146250,629973,,,,,,,,,,,,
2025-05-07T19:15:00.000-04:00:00,NE-MRBTS-660701,146250,630019,,,,,,,,,,,,
2025-05-07T19:30:00.000-04:00:00,NE-MRBTS-660701,146250,629989,,,,,,,,,,,,
2025-05-07T19:45:00.000-04:00:00,NE-MRBTS-660701,146250,629987,,,,,,,,,,,,
2025-05-07T20:00:00.000-04:00:00,NE-MRBTS-660701,146250,630021,,,,,,,,,,,,
2025-05-07T20:15:00.000-04:00:00,NE-MRBTS-660701,146250,629971,,,,,,,,,,,,
2025-05-07T20:30:00.000-04:00:00,NE-MRBTS-660701,146250,630037,,,,,,,,,,,,
2025-05-07T20:45:00.000-04:00:00,NE-MRBTS-660701,146250,629971,,,,,,,,,,,,
2025-05-07T21:00:00.000-04:00:00,NE-MRBTS-660701,146250,630037,,,,,,,,,,,,
2025-05-07T21:15:00.000-04:00:00,NE-MRBTS-660701,146250,629971,,,,,,,,,,,,
2025-05-07T21:30:00.000-04:00:00,NE-MRBTS-660701,146250,630005,,,,,,,,,,,,
2025-05-07T21:45:00.000-04:00:00,NE-MRBTS-660701,146250,630003,,,,,,,,,,,,
2025-05-07T22:00:00.000-04:00:00,NE-MRBTS-660701,146250,629973,,,,,,,,,,,,
2025-05-07T22:15:00.000-04:00:00,NE-MRBTS-660701,146250,630035,,,,,,,,,,,,
2025-05-07T22:30:00.000-04:00:00,NE-MRBTS-660701,146250,629973,,,,,,,,,,,,
2025-05-07T22:45:00.000-04:00:00,NE-MRBTS-660701,146250,630035,,,,,,,,,,,,
2025-05-07T23:00:00.000-04:00:00,NE-MRBTS-660701,146250,629973,,,,,,,,,,,,
2025-05-07T23:15:00.000-04:00:00,NE-MRBTS-660701,146250,630019,,,,,,,,,,,,
2025-05-07T23:30:00.000-04:00:00,NE-MRBTS-660701,146250,629989,,,,,,,,,,,,
2025-05-07T23:45:00.000-04:00:00,NE-MRBTS-660701,146250,629987,,,,,,,,,,,,
2025-05-08T00:00:00.000-04:00:00,NE-MRBTS-660701,146250,630021,,,,,,,,,,,,
2025-05-08T00:15:00.000-04:00:00,NE-MRBTS-660701,146250,629971,,,,,,,,,,,,
2025-05-08T00:30:00.000-04:00:00,NE-MRBTS-660701,146250,630037,,,,,,,,,,,,
2025-05-08T00:45:00.000-04:00:00,NE-MRBTS-660701,146250,629971,,,,,,,,,,,,
2025-05-08T01:00:00.000-04:00:00,NE-MRBTS-660701,146250,630037,,,,,,,,,,,,
2025-05-08T01:15:00.000-04:00:00,NE-MRBTS-660701,146250,629971,,,,,,,,,,,,
2025-05-08T01:30:00.000-04:00:00,NE-MRBTS-660701,146250,630005,,,,,,,,,,,,
2025-05-08T01:45:00.000-04:00:00,NE-MRBTS-660701,146250,630003,,,,,,,,,,,,
2025-05-08T02:00:00.000-04:00:00,NE-MRBTS-660701,146250,629973,,,,,,,,,,,,
2025-05-08T02:15:00.000-04:00:00,NE-MRBTS-660701,146250,630035,,,,,,,,,,,,
2025-05-08T02:30:00.000-04:00:00,NE-MRBTS-660701,146250,629973,,,,,,,,,,,,
2025-05-08T02:45:00.000-04:00:00,NE-MRBTS-660701,146250,630035,,,,,,,,,,,,
2025-05-08T03:00:00.000-04:00:00,NE-MRBTS-660701,146250,629973,,,,,,,,,,,,
2025-05-08T03:15:00.000-04:00:00,NE-MRBTS-660701,146250,630019,,,,,,,,,,,,
2025-05-08T03:30:00.000-04:00:00,NE-MRBTS-660701,146250,629989,,,,,,,,,,,,
2025-05-08T03:45:00.000-04:00:00,NE-MRBTS-660701,146250,629987,,,,,,,,,,,,
2025-05-08T04:00:00.000-04:00:00,NE-MRBTS-660701,146250,630021,,,,,,,,,,,,
2025-05-08T04:15:00.000-04:00:00,NE-MRBTS-660701,146250,629971,,,,,,,,,,,,
2025-05-08T04:30:00.000-04:00:00,NE-MRBTS-660701,146250,630037,,,,,,,,,,,,
2025-05-08T04:45:00.000-04:00:00,NE-MRBTS-660701,146250,629971,,,,,,,,,,,,
2025-05-08T05:00:00.000-04:00:00,NE-MRBTS-660701,146250,630037,,,,,,,,,,,,
2025-05-08T05:15:00.000-04:00:00,NE-MRBTS-660701,146250,629971,,,,,,,,,,,,
2025-05-08T05:30:00.000-04:00:00,NE-MRBTS-660701,146250,630005,,,,,,,,,,,,
2025-05-08T05:45:00.000-04:00:00,NE-MRBTS-660701,146250,630003,,,,,,,,,,,,
2025-05-08T06:00:00.000-04:00:00,NE-MRBTS-660701,146250,629973,,,,,,,,,,,,
2025-05-08T06:15:00.000-04:00:00,NE-MRBTS-660701,146250,630035,,,,,,,,,,,,
2025-05-08T06:30:00.000-04:00:00,NE-MRBTS-660701,146250,629973,,,,,,,,,,,,
2025-05-08T06:45:00.000-04:00:00,NE-MRBTS-660701,146250,630035,,,,,,,,,,,,
2025-05-08T07:00:00.000-04:00:00,NE-MRBTS-660701,146250,629973,,,,,,,,,,,,
2025-05-08T07:15:00.000-04:00:00,NE-MRBTS-660701,146250,630019,,,,,,,,,,,,
2025-05-08T07:30:00.000-04:00:00,NE-MRBTS-660701,146250,629989,,,,,,,,,,,,
2025-05-08T07:45:00.000-04:00:00,NE-MRBTS-660701,146250,629987,,,,,,,,,,,,
2025-05-08T08:00:00.000-04:00:00,NE-MRBTS-660701,146250,630021,,,,,,,,,,,,
2025-05-08T08:15:00.000-04:00:00,NE-MRBTS-660701,146250,629971,,,,,,,,,,,,
2025-05-08T08:30:00.000-04:00:00,NE-MRBTS-660701,146250,630037,,,,,,,,,,,,
2025-05-08T08:45:00.000-04:00:00,NE-MRBTS-660701,146250,629971,,,,,,,,,,,,
2025-05-08T09:00:00.000-04:00:00,NE-MRBTS-660701,146250,630037,,,,,,,,,,,,
2025-05-08T09:15:00.000-04:00:00,NE-MRBTS-660701,146250,629971,,,,,,,,,,,,
2025-05-08T09:30:00.000-04:00:00,NE-MRBTS-660701,146250,630005,,,,,,,,,,,,
2025-05-08T09:45:00.000-04:00:00,NE-MRBTS-660701,146250,630003,,,,,,,,,,,,
2025-05-08T10:00:00.000-04:00:00,NE-MRBTS-660701,146250,629973,,,,,,,,,,,,
2025-05-08T10:15:00.000-04:00:00,NE-MRBTS-660701,146250,630035,,,,,,,,,,,,
2025-05-08T10:30:00.000-04:00:00,NE-MRBTS-660701,146250,629973,,,,,,,,,,,,
2025-05-08T10:45:00.000-04:00:00,NE-MRBTS-660701,146250,630035,,,,,,,,,,,,
2025-05-08T11:00:00.000-04:00:00,NE-MRBTS-660701,146250,629973,,,,,,,,,,,,
2025-05-08T11:15:00.000-04:00:00,NE-MRBTS-660701,146250,630019,,,,,,,,,,,,
2025-05-08T11:30:00.000-04:00:00,NE-MRBTS-660701,146250,629989,,,,,,,,,,,,
2025-05-08T11:45:00.000-04:00:00,NE-MRBTS-660701,146250,629987,,,,,,,,,,,,
2025-05-08T12:00:00.000-04:00:00,NE-MRBTS-660701,146250,630021,,,,,,,,,,,,
2025-05-08T12:15:00.000-04:00:00,NE-MRBTS-660701,146250,629971,,,,,,,,,,,,
2025-05-08T12:30:00.000-04:00:00,NE-MRBTS-660701,146250,630037,,,,,,,,,,,,
2025-05-08T12:45:00.000-04:00:00,NE-MRBTS-660701,146250,629971,,,,,,,,,,,,
2025-05-08T13:00:00.000-04:00:00,NE-MRBTS-660701,146250,630037,,,,,,,,,,,,
2025-05-08T13:15:00.000-04:00:00,NE-MRBTS-660701,146250,629971,,,,,,,,,,,,
2025-05-08T13:30:00.000-04:00:00,NE-MRBTS-660701,146250,630005,,,,,,,,,,,,
2025-05-08T13:45:00.000-04:00:00,NE-MRBTS-660701,146250,630003,,,,,,,,,,,,
2025-05-08T14:00:00.000-04:00:00,NE-MRBTS-660701,146250,629973,,,,,,,,,,,,
2025-05-08T14:15:00.000-04:00:00,NE-MRBTS-660701,146250,630035,,,,,,,,,,,,
2025-05-08T14:30:00.000-04:00:00,NE-MRBTS-660701,146250,629973,,,,,,,,,,,,
2025-05-08T14:45:00.000-04:00:00,NE-MRBTS-660701,146250,630035,,,,,,,,,,,,
2025-05-08T15:00:00.000-04:00:00,NE-MRBTS-660701,146250,629973,,,,,,,,,,,,
2025-05-08T15:15:00.000-04:00:00,NE-MRBTS-660701,146250,630019,,,,,,,,,,,,
2025-05-08T15:30:00.000-04:00:00,NE-MRBTS-660701,146250,629989,,,,,,,,,,,,
2025-05-06T15:00:00.000-03:00:00,NE-MRBTS-414225,146250,630016,,,,,,,,,,,,
2025-05-06T15:15:00.000-03:00:00,NE-MRBTS-414225,146250,629992,,,,,,,,,,,,
2025-05-06T15:30:00.000-03:00:00,NE-MRBTS-414225,146250,629984,,,,,,,,,,,,
2025-05-06T16:00:00.000-03:00:00,NE-MRBTS-414225,146250,629968,,,,,,,,,,,,
2025-05-06T16:15:00.000-03:00:00,NE-MRBTS-414225,146250,630040,,,,,,,,,,,,
2025-05-06T16:30:00.000-03:00:00,NE-MRBTS-414225,146250,629968,,,,,,,,,,,,
2025-05-06T16:45:00.000-03:00:00,NE-MRBTS-414225,146250,630040,,,,,,,,,,,,
2025-05-06T17:00:00.000-03:00:00,NE-MRBTS-414225,146250,629968,,,,,,,,,,,,
2025-05-06T17:15:00.000-03:00:00,NE-MRBTS-414225,146250,630008,,,,,,,,,,,,
2025-05-06T17:30:00.000-03:00:00,NE-MRBTS-414225,146250,630000,,,,,,,,,,,,
2025-05-06T17:45:00.000-03:00:00,NE-MRBTS-414225,146250,629976,,,,,,,,,,,,
2025-05-06T18:00:00.000-03:00:00,NE-MRBTS-414225,146250,630032,,,,,,,,,,,,
2025-05-06T18:15:00.000-03:00:00,NE-MRBTS-414225,146250,629976,,,,,,,,,,,,
2025-05-06T18:30:00.000-03:00:00,NE-MRBTS-414225,146250,630032,,,,,,,,,,,,
2025-05-06T18:45:00.000-03:00:00,NE-MRBTS-414225,146250,629976,,,,,,,,,,,,
2025-05-06T19:00:00.000-03:00:00,NE-MRBTS-414225,146250,630016,,,,,,,,,,,,
2025-05-06T19:15:00.000-03:00:00,NE-MRBTS-414225,146250,629992,,,,,,,,,,,,
2025-05-06T19:30:00.000-03:00:00,NE-MRBTS-414225,146250,629984,,,,,,,,,,,,
2025-05-06T19:45:00.000-03:00:00,NE-MRBTS-414225,146250,630024,,,,,,,,,,,,
2025-05-06T20:00:00.000-03:00:00,NE-MRBTS-414225,146250,629968,,,,,,,,,,,,
2025-05-06T20:15:00.000-03:00:00,NE-MRBTS-414225,146250,630040,,,,,,,,,,,,
2025-05-06T20:30:00.000-03:00:00,NE-MRBTS-414225,146250,629968,,,,,,,,,,,,
2025-05-06T20:45:00.000-03:00:00,NE-MRBTS-414225,146250,630040,,,,,,,,,,,,
2025-05-06T21:00:00.000-03:00:00,NE-MRBTS-414225,146250,629968,,,,,,,,,,,,
2025-05-06T21:15:00.000-03:00:00,NE-MRBTS-414225,146250,630008,,,,,,,,,,,,
2025-05-06T21:30:00.000-03:00:00,NE-MRBTS-414225,146250,630000,,,,,,,,,,,,
2025-05-06T21:45:00.000-03:00:00,NE-MRBTS-414225,146250,629976,,,,,,,,,,,,
2025-05-06T22:00:00.000-03:00:00,NE-MRBTS-414225,146250,630032,,,,,,,,,,,,
2025-05-06T22:15:00.000-03:00:00,NE-MRBTS-414225,146250,629976,,,,,,,,,,,,
2025-05-06T22:30:00.000-03:00:00,NE-MRBTS-414225,146250,630032,,,,,,,,,,,,
2025-05-06T22:45:00.000-03:00:00,NE-MRBTS-414225,146250,629976,,,,,,,,,,,,
2025-05-06T23:00:00.000-03:00:00,NE-MRBTS-414225,146250,630016,,,,,,,,,,,,
2025-05-06T23:15:00.000-03:00:00,NE-MRBTS-414225,146250,629992,,,,,,,,,,,,
2025-05-06T23:30:00.000-03:00:00,NE-MRBTS-414225,146250,629984,,,,,,,,,,,,
2025-05-06T23:45:00.000-03:00:00,NE-MRBTS-414225,146250,630024,,,,,,,,,,,,
2025-05-07T00:00:00.000-03:00:00,NE-MRBTS-414225,146250,629968,,,,,,,,,,,,
2025-05-07T00:15:00.000-03:00:00,NE-MRBTS-414225,146250,630040,,,,,,,,,,,,
2025-05-07T00:30:00.000-03:00:00,NE-MRBTS-414225,146250,629968,,,,,,,,,,,,
2025-05-07T00:45:00.000-03:00:00,NE-MRBTS-414225,146250,630040,,,,,,,,,,,,
2025-05-07T01:00:00.000-03:00:00,NE-MRBTS-414225,146250,629968,,,,,,,,,,,,
2025-05-07T01:15:00.000-03:00:00,NE-MRBTS-414225,146334,630008,,,,,,33.0,7.0,384.0,6.0,,,
2025-05-07T01:30:00.000-03:00:00,NE-MRBTS-414225,146250,630000,,,,,,,,,,,,
2025-05-07T01:45:00.000-03:00:00,NE-MRBTS-414225,146250,629976,,,,,,,,,,,,
2025-05-07T02:00:00.000-03:00:00,NE-MRBTS-414225,146250,630032,,,,,,,,,,,,
2025-05-07T02:15:00.000-03:00:00,NE-MRBTS-414225,146250,629976,,,,,,,,,,,,
2025-05-07T02:30:00.000-03:00:00,NE-MRBTS-414225,146250,630032,,,,,,,,,,,,
2025-05-07T02:45:00.000-03:00:00,NE-MRBTS-414225,146250,629976,,,,,,,,,,,,
2025-05-07T03:00:00.000-03:00:00,NE-MRBTS-414225,146250,630016,,,,,,,,,,,,
2025-05-07T03:15:00.000-03:00:00,NE-MRBTS-414225,146250,629992,,,,,,,,,,,,
2025-05-07T03:30:00.000-03:00:00,NE-MRBTS-414225,146250,629984,,,,,,,,,,,,
2025-05-07T03:45:00.000-03:00:00,NE-MRBTS-414225,146250,630024,,,,,,,,,,,,
2025-05-07T04:00:00.000-03:00:00,NE-MRBTS-414225,146250,629968,,,,,,,,,,,,
2025-05-07T04:15:00.000-03:00:00,NE-MRBTS-414225,146250,630040,,,,,,,,,,,,
2025-05-07T04:30:00.000-03:00:00,NE-MRBTS-414225,146250,629968,,,,,,,,,,,,
2025-05-08T10:00:00.000-03:00:00,NE-MRBTS-414225,146250,629977,,,,,,,,,,,,
2025-05-08T10:15:00.000-03:00:00,NE-MRBTS-414225,146250,629999,,,,,,,,,,,,
2025-05-08T10:30:00.000-03:00:00,NE-MRBTS-414225,180765,630009,,,,,,42405.0,9957.0,493440.0,6146.0,,,
2025-05-08T10:45:00.000-03:00:00,NE-MRBTS-414225,146250,629975,,,,,,,,,,,,
2025-05-08T11:00:00.000-03:00:00,NE-MRBTS-414225,146250,630033,,,,,,,,,,,,
2025-05-08T11:15:00.000-03:00:00,NE-MRBTS-414225,146250,629975,,,,,,,,,,,,
2025-05-08T11:30:00.000-03:00:00,NE-MRBTS-414225,146250,630033,,,,,,,,,,,,
2025-05-08T11:45:00.000-03:00:00,NE-MRBTS-414225,146250,629975,,,,,,,,,,,,
2025-05-08T12:00:00.000-03:00:00,NE-MRBTS-414225,146250,630009,,,,,,,,,,,,
2025-05-08T12:15:00.000-03:00:00,NE-MRBTS-414225,146250,629999,,,,,,,,,,,,
2025-05-08T12:30:00.000-03:00:00,NE-MRBTS-414225,146250,629977,,,,,,,,,,,,
2025-05-08T12:45:00.000-03:00:00,NE-MRBTS-414225,146250,630031,,,,,,,,,,,,
2025-05-08T13:00:00.000-03:00:00,NE-MRBTS-414225,146250,629969,,,,,,,,,,,,
2025-05-08T13:15:00.000-03:00:00,NE-MRBTS-414225,146250,630039,,,,,,,,,,,,
2025-05-08T13:30:00.000-03:00:00,NE-MRBTS-414225,146250,629969,,,,,,,,,,,,
2025-05-08T13:45:00.000-03:00:00,NE-MRBTS-414225,146250,630031,,,,,,,,,,,,
2025-05-08T14:00:00.000-03:00:00,NE-MRBTS-414225,146250,629977,,,,,,,,,,,,
2025-05-08T14:15:00.000-03:00:00,NE-MRBTS-414225,146250,629999,,,,,,,,,,,,
2025-05-08T14:30:00.000-03:00:00,NE-MRBTS-414225,146250,630009,,,,,,,,,,,,
2025-05-08T14:45:00.000-03:00:00,NE-MRBTS-414225,146250,629975,,,,,,,,,,,,
2025-05-08T15:00:00.000-03:00:00,NE-MRBTS-414225,146250,630033,,,,,,,,,,,,
2025-05-08T15:15:00.000-03:00:00,NE-MRBTS-414225,146250,629975,,,,,,,,,,,,
2025-05-08T15:30:00.000-03:00:00,NE-MRBTS-414225,146250,630033,,,,,,,,,,,,
2025-05-08T15:45:00.000-03:00:00,NE-MRBTS-414225,146250,629975,,,,,,,,,,,,
2025-05-08T16:00:00.000-03:00:00,NE-MRBTS-414225,146250,630009,,,,,,,,,,,,
2025-05-08T16:15:00.000-03:00:00,NE-MRBTS-414225,146250,629999,,,,,,,,,,,,
2025-05-08T16:30:00.000-03:00:00,NE-MRBTS-414225,146250,629977,,,,,,,,,,,,
2025-05-06T14:00:00.000-04:00:00,NE-MRBTS-690503,146250,630032,,,,,,,,,,,,
2025-05-06T14:15:00.000-04:00:00,NE-MRBTS-690503,146250,629976,,,,,,,,,,,,
2025-05-06T14:30:00.000-04:00:00,NE-MRBTS-690503,146250,630016,,,,,,,,,,,,
2025-05-06T15:00:00.000-04:00:00,NE-MRBTS-690503,146250,629984,,,,,,,,,,,,
2025-05-06T15:15:00.000-04:00:00,NE-MRBTS-690503,146250,630024,,,,,,,,,,,,
2025-05-06T15:30:00.000-04:00:00,NE-MRBTS-690503,146250,629968,,,,,,,,,,,,
2025-05-06T16:00:00.000-04:00:00,NE-MRBTS-690503,146250,629968,,,,,,,,,,,,
2025-05-06T16:15:00.000-04:00:00,NE-MRBTS-690503,146250,630040,,,,,,,,,,,,
2025-05-06T16:30:00.000-04:00:00,NE-MRBTS-690503,146250,629968,,,,,,,,,,,,
2025-05-06T17:00:00.000-04:00:00,NE-MRBTS-690503,146250,630000,,,,,,,,,,,,
2025-05-06T17:15:00.000-04:00:00,NE-MRBTS-690503,146250,629976,,,,,,,,,,,,
2025-05-06T17:30:00.000-04:00:00,NE-MRBTS-690503,146250,630032,,,,,,,,,,,,
2025-05-06T18:00:00.000-04:00:00,NE-MRBTS-690503,146250,630032,,,,,,,,,,,,
2025-05-06T18:15:00.000-04:00:00,NE-MRBTS-690503,146250,629976,,,,,,,,,,,,
2025-05-06T18:30:00.000-04:00:00,NE-MRBTS-690503,146250,630016,,,,,,,,,,,,
2025-05-06T18:45:00.000-04:00:00,NE-MRBTS-690503,146250,629992,,,,,,,,,,,,
2025-05-06T19:00:00.000-04:00:00,NE-MRBTS-690503,146250,629984,,,,,,,,,,,,
2025-05-06T19:15:00.000-04:00:00,NE-MRBTS-690503,146250,630024,,,,,,,,,,,,
2025-05-06T19:30:00.000-04:00:00,NE-MRBTS-690503,146250,629968,,,,,,,,,,,,
2025-05-06T19:45:00.000-04:00:00,NE-MRBTS-690503,146250,630040,,,,,,,,,,,,
2025-05-06T20:00:00.000-04:00:00,NE-MRBTS-690503,146250,629968,,,,,,,,,,,,
2025-05-06T20:15:00.000-04:00:00,NE-MRBTS-690503,146250,630040,,,,,,,,,,,,
2025-05-06T20:30:00.000-04:00:00,NE-MRBTS-690503,146250,629968,,,,,,,,,,,,
2025-05-06T21:00:00.000-04:00:00,NE-MRBTS-690503,146250,630000,,,,,,,,,,,,
2025-05-06T21:15:00.000-04:00:00,NE-MRBTS-690503,146250,629976,,,,,,,,,,,,
2025-05-06T21:30:00.000-04:00:00,NE-MRBTS-690503,146250,630032,,,,,,,,,,,,
2025-05-06T22:00:00.000-04:00:00,NE-MRBTS-690503,146250,630032,,,,,,,,,,,,
2025-05-06T22:15:00.000-04:00:00,NE-MRBTS-690503,146250,629976,,,,,,,,,,,,
2025-05-06T22:30:00.000-04:00:00,NE-MRBTS-690503,146250,630016,,,,,,,,,,,,
2025-05-06T23:00:00.000-04:00:00,NE-MRBTS-690503,146250,629984,,,,,,,,,,,,
2025-05-06T23:15:00.000-04:00:00,NE-MRBTS-690503,146250,630024,,,,,,,,,,,,
2025-05-06T23:30:00.000-04:00:00,NE-MRBTS-690503,146250,629968,,,,,,,,,,,,
2025-05-07T00:00:00.000-04:00:00,NE-MRBTS-690503,146250,629968,,,,,,,,,,,,
2025-05-07T00:15:00.000-04:00:00,NE-MRBTS-690503,146250,630040,,,,,,,,,,,,
2025-05-07T00:30:00.000-04:00:00,NE-MRBTS-690503,146250,629968,,,,,,,,,,,,
2025-05-07T01:00:00.000-04:00:00,NE-MRBTS-690503,146250,630000,,,,,,,,,,,,
2025-05-07T01:15:00.000-04:00:00,NE-MRBTS-690503,146250,629976,,,,,,,,,,,,
2025-05-07T01:30:00.000-04:00:00,NE-MRBTS-690503,146250,630032,,,,,,,,,,,,
2025-05-07T02:00:00.000-04:00:00,NE-MRBTS-690503,146250,630032,,,,,,,,,,,,
2025-05-07T02:15:00.000-04:00:00,NE-MRBTS-690503,146250,629976,,,,,,,,,,,,
2025-05-07T02:30:00.000-04:00:00,NE-MRBTS-690503,146250,630016,,,,,,,,,,,,
2025-05-07T03:00:00.000-04:00:00,NE-MRBTS-690503,146250,629984,,,,,,,,,,,,
2025-05-07T03:15:00.000-04:00:00,NE-MRBTS-690503,146250,630024,,,,,,,,,,,,
2025-05-07T03:30:00.000-04:00:00,NE-MRBTS-690503,146250,629968,,,,,,,,,,,,
2025-05-07T04:00:00.000-04:00:00,NE-MRBTS-690503,146250,629968,,,,,,,,,,,,
2025-05-07T04:15:00.000-04:00:00,NE-MRBTS-690503,146250,630040,,,,,,,,,,,,
2025-05-07T04:30:00.000-04:00:00,NE-MRBTS-690503,146250,629968,,,,,,,,,,,,
2025-05-07T05:00:00.000-04:00:00,NE-MRBTS-690503,146250,630000,,,,,,,,,,,,
2025-05-07T05:15:00.000-04:00:00,NE-MRBTS-690503,146250,629976,,,,,,,,,,,,
2025-05-07T05:30:00.000-04:00:00,NE-MRBTS-690503,146250,630032,,,,,,,,,,,,
2025-05-07T06:00:00.000-04:00:00,NE-MRBTS-690503,146250,630032,,,,,,,,,,,,
2025-05-07T06:15:00.000-04:00:00,NE-MRBTS-690503,146250,629976,,,,,,,,,,,,
2025-05-07T06:30:00.000-04:00:00,NE-MRBTS-690503,146250,630016,,,,,,,,,,,,
2025-05-07T07:00:00.000-04:00:00,NE-MRBTS-690503,146250,629984,,,,,,,,,,,,
2025-05-07T07:15:00.000-04:00:00,NE-MRBTS-690503,146250,630024,,,,,,,,,,,,
2025-05-07T07:30:00.000-04:00:00,NE-MRBTS-690503,146250,629968,,,,,,,,,,,,
2025-05-07T08:00:00.000-04:00:00,NE-MRBTS-690503,146250,629968,,,,,,,,,,,,
2025-05-07T08:15:00.000-04:00:00,NE-MRBTS-690503,146250,630040,,,,,,,,,,,,
2025-05-07T08:30:00.000-04:00:00,NE-MRBTS-690503,146250,629968,,,,,,,,,,,,
2025-05-07T09:00:00.000-04:00:00,NE-MRBTS-690503,146250,630000,,,,,,,,,,,,
2025-05-07T09:15:00.000-04:00:00,NE-MRBTS-690503,146250,629976,,,,,,,,,,,,
2025-05-07T09:30:00.000-04:00:00,NE-MRBTS-690503,146250,630032,,,,,,,,,,,,
2025-05-07T10:00:00.000-04:00:00,NE-MRBTS-690503,146250,630032,,,,,,,,,,,,
2025-05-07T10:15:00.000-04:00:00,NE-MRBTS-690503,146250,629976,,,,,,,,,,,,
2025-05-07T10:30:00.000-04:00:00,NE-MRBTS-690503,146250,630016,,,,,,,,,,,,
2025-05-07T11:00:00.000-04:00:00,NE-MRBTS-690503,146250,629984,,,,,,,,,,,,
2025-05-07T11:15:00.000-04:00:00,NE-MRBTS-690503,146250,630024,,,,,,,,,,,,
2025-05-07T11:30:00.000-04:00:00,NE-MRBTS-690503,146250,629968,,,,,,,,,,,,
2025-05-07T12:00:00.000-04:00:00,NE-MRBTS-690503,146250,629968,,,,,,,,,,,,
2025-05-07T12:15:00.000-04:00:00,NE-MRBTS-690503,146250,630040,,,,,,,,,,,,
2025-05-07T12:30:00.000-04:00:00,NE-MRBTS-690503,146250,629968,,,,,,,,,,,,
2025-05-07T13:00:00.000-04:00:00,NE-MRBTS-690503,146250,630000,,,,,,,,,,,,
2025-05-07T13:15:00.000-04:00:00,NE-MRBTS-690503,146250,629976,,,,,,,,,,,,
2025-05-07T13:30:00.000-04:00:00,NE-MRBTS-690503,146250,630032,,,,,,,,,,,,
2025-05-07T14:00:00.000-04:00:00,NE-MRBTS-690503,146250,630032,,,,,,,,,,,,
2025-05-07T14:15:00.000-04:00:00,NE-MRBTS-690503,146250,629976,,,,,,,,,,,,
2025-05-07T14:30:00.000-04:00:00,NE-MRBTS-690503,146250,630016,,,,,,,,,,,,
2025-05-07T15:00:00.000-04:00:00,NE-MRBTS-690503,146250,629984,,,,,,,,,,,,
2025-05-07T15:15:00.000-04:00:00,NE-MRBTS-690503,146250,630024,,,,,,,,,,,,
2025-05-07T15:30:00.000-04:00:00,NE-MRBTS-690503,146250,629968,,,,,,,,,,,,
2025-05-07T16:00:00.000-04:00:00,NE-MRBTS-690503,146250,629968,,,,,,,,,,,,
2025-05-07T16:15:00.000-04:00:00,NE-MRBTS-690503,146250,630040,,,,,,,,,,,,
2025-05-07T16:30:00.000-04:00:00,NE-MRBTS-690503,146250,629968,,,,,,,36.0,,8.0,,4.0,
2025-05-07T17:00:00.000-04:00:00,NE-MRBTS-690503,146250,630000,,,,,,,,,,,,
2025-05-07T17:15:00.000-04:00:00,NE-MRBTS-690503,146250,629976,,,,,,,47.0,,10.0,,6.0,
2025-05-07T17:30:00.000-04:00:00,NE-MRBTS-690503,146250,630032,,,,,,,,,,,,
2025-05-07T18:00:00.000-04:00:00,NE-MRBTS-690503,146250,630032,,,,,,,,,,,,
2025-05-07T18:15:00.000-04:00:00,NE-MRBTS-690503,146250,629976,,,,,,,,,,,,
2025-05-07T18:30:00.000-04:00:00,NE-MRBTS-690503,146250,630016,,,,,,,,,,,,
2025-05-07T19:00:00.000-04:00:00,NE-MRBTS-690503,146250,629984,,,,,,,,,,,,
2025-05-07T19:15:00.000-04:00:00,NE-MRBTS-690503,146250,630024,,,,,,,,,,,,
2025-05-07T19:30:00.000-04:00:00,NE-MRBTS-690503,146250,629968,,,,,,,,,,,,
2025-05-07T20:00:00.000-04:00:00,NE-MRBTS-690503,146250,629968,,,,,,,,,,,,
2025-05-07T20:15:00.000-04:00:00,NE-MRBTS-690503,146250,630040,,,,,,,,,,,,
2025-05-07T20:30:00.000-04:00:00,NE-MRBTS-690503,146250,629968,,,,,,,,,,,,
2025-05-07T21:00:00.000-04:00:00,NE-MRBTS-690503,146250,630000,,,,,,,,,,,,
2025-05-07T21:15:00.000-04:00:00,NE-MRBTS-690503,146250,629976,,,,,,,,,,,,
2025-05-07T21:30:00.000-04:00:00,NE-MRBTS-690503,146250,630032,,,,,,,,,,,,
2025-05-07T22:00:00.000-04:00:00,NE-MRBTS-690503,146250,630032,,,,,,,,,,,,
2025-05-07T22:15:00.000-04:00:00,NE-MRBTS-690503,146250,629976,,,,,,,,,,,,
2025-05-07T22:30:00.000-04:00:00,NE-MRBTS-690503,146250,630016,,,,,,,,,,,,
2025-05-07T23:00:00.000-04:00:00,NE-MRBTS-690503,146250,629984,,,,,,,,,,,,
2025-05-07T23:15:00.000-04:00:00,NE-MRBTS-690503,146250,630024,,,,,,,,,,,,
2025-05-07T23:30:00.000-04:00:00,NE-MRBTS-690503,146250,629968,,,,,,,,,,,,
2025-05-08T00:00:00.000-04:00:00,NE-MRBTS-690503,146250,629968,,,,,,,,,,,,
2025-05-08T00:15:00.000-04:00:00,NE-MRBTS-690503,146250,630040,,,,,,,,,,,,
2025-05-08T00:30:00.000-04:00:00,NE-MRBTS-690503,146250,629968,,,,,,,,,,,,
2025-05-08T01:00:00.000-04:00:00,NE-MRBTS-690503,146250,630000,,,,,,,,,,,,
2025-05-08T01:15:00.000-04:00:00,NE-MRBTS-690503,146250,629976,,,,,,,,,,,,
2025-05-08T01:30:00.000-04:00:00,NE-MRBTS-690503,146250,630032,,,,,,,,,,,,
2025-05-08T02:00:00.000-04:00:00,NE-MRBTS-690503,146250,630032,,,,,,,,,,,,
2025-05-08T02:15:00.000-04:00:00,NE-MRBTS-690503,146250,629976,,,,,,,,,,,,
2025-05-08T02:30:00.000-04:00:00,NE-MRBTS-690503,146250,630016,,,,,,,,,,,,
2025-05-08T03:00:00.000-04:00:00,NE-MRBTS-690503,146250,629984,,,,,,,,,,,,
2025-05-08T03:15:00.000-04:00:00,NE-MRBTS-690503,146250,630024,,,,,,,,,,,,
2025-05-08T03:30:00.000-04:00:00,NE-MRBTS-690503,146250,629968,,,,,,,,,,,,
2025-05-08T04:00:00.000-04:00:00,NE-MRBTS-690503,146250,629968,,,,,,,,,,,,
2025-05-08T04:15:00.000-04:00:00,NE-MRBTS-690503,146250,630040,,,,,,,,,,,,
2025-05-08T04:30:00.000-04:00:00,NE-MRBTS-690503,146250,629968,,,,,,,,,,,,
2025-05-08T05:00:00.000-04:00:00,NE-MRBTS-690503,146250,630000,,,,,,,,,,,,
2025-05-08T05:15:00.000-04:00:00,NE-MRBTS-690503,146250,629976,,,,,,,,,,,,
2025-05-08T05:30:00.000-04:00:00,NE-MRBTS-690503,146250,630032,,,,,,,,,,,,
2025-05-08T06:00:00.000-04:00:00,NE-MRBTS-690503,146250,630032,,,,,,,,,,,,
2025-05-08T06:15:00.000-04:00:00,NE-MRBTS-690503,146250,629976,,,,,,,47.0,,10.0,,6.0,
2025-05-08T06:30:00.000-04:00:00,NE-MRBTS-690503,146250,630016,,,,,,,,,,,,
2025-05-08T07:00:00.000-04:00:00,NE-MRBTS-690503,146250,629984,,,,,,,,,,,,
2025-05-08T07:15:00.000-04:00:00,NE-MRBTS-690503,146250,630024,,,,,,,,,,,,
2025-05-08T07:30:00.000-04:00:00,NE-MRBTS-690503,146250,629968,,,,,,,,,,,,
2025-05-08T08:00:00.000-04:00:00,NE-MRBTS-690503,146250,629968,,,,,,,,,,,,
2025-05-08T08:15:00.000-04:00:00,NE-MRBTS-690503,146250,630040,,,,,,,,,,,,
2025-05-08T08:30:00.000-04:00:00,NE-MRBTS-690503,146250,629968,,,,,,,,,,,,
2025-05-08T09:00:00.000-04:00:00,NE-MRBTS-690503,146250,630000,,,,,,,,,,,,
2025-05-08T09:15:00.000-04:00:00,NE-MRBTS-690503,146250,629976,,,,,,,,,,,,
2025-05-08T09:30:00.000-04:00:00,NE-MRBTS-690503,147328,630032,2.0,1.0,131.0,49.0,8.0,817.0,258.0,5240.0,108.0,111.0,,
2025-05-08T10:00:00.000-04:00:00,NE-MRBTS-690503,146250,630032,,,,,,,,,,,,
2025-05-08T10:15:00.000-04:00:00,NE-MRBTS-690503,146250,629976,,,,,,,,,,,,
2025-05-08T10:30:00.000-04:00:00,NE-MRBTS-690503,146250,630016,,,,,,,,,,,,
2025-05-08T11:00:00.000-04:00:00,NE-MRBTS-690503,146250,629984,,,,,,,,,,,,
2025-05-08T11:15:00.000-04:00:00,NE-MRBTS-690503,146250,630024,,,,,,,,,,,,
2025-05-08T11:30:00.000-04:00:00,NE-MRBTS-690503,146250,629968,,,,,,,,,,,,
2025-05-08T12:00:00.000-04:00:00,NE-MRBTS-690503,146250,629968,,,,,,,,,,,,
2025-05-08T12:15:00.000-04:00:00,NE-MRBTS-690503,146250,630040,,,,,,,,,,,,
2025-05-08T12:30:00.000-04:00:00,NE-MRBTS-690503,146250,629968,,,,,,,,,,,,
2025-05-08T13:00:00.000-04:00:00,NE-MRBTS-690503,146250,630000,,,,,,,,,,,,
2025-05-08T13:15:00.000-04:00:00,NE-MRBTS-690503,146250,629976,,,,,,,,,,,,
2025-05-08T13:30:00.000-04:00:00,NE-MRBTS-690503,146250,630032,,,,,,,,,,,,
2025-05-08T14:00:00.000-04:00:00,NE-MRBTS-690503,146250,630032,,,,,,,,,,,,
2025-05-08T14:15:00.000-04:00:00,NE-MRBTS-690503,146250,629976,,,,,,,,,,,,
2025-05-08T14:30:00.000-04:00:00,NE-MRBTS-690503,146250,630016,,,,,,,,,,,,
2025-05-08T15:00:00.000-04:00:00,NE-MRBTS-690503,146250,629984,,,,,,,,,,,,
2025-05-08T15:15:00.000-04:00:00,NE-MRBTS-690503,146250,630024,,,,,,,,,,,,
2025-05-08T15:30:00.000-04:00:00,NE-MRBTS-690503,146250,629968,,,,,,,,,,,,
2025-05-06T14:00:00.000-04:00:00,NE-MRBTS-690513,146250,629971,,,,,,,,,,,,
2025-05-06T14:15:00.000-04:00:00,NE-MRBTS-690513,146250,630037,,,,,,,,,,,,
2025-05-06T14:30:00.000-04:00:00,NE-MRBTS-690513,146250,629971,,,,,,,,,,,,
2025-05-06T15:00:00.000-04:00:00,NE-MRBTS-690513,146250,629995,,,,,,,,,,,,
2025-05-06T15:15:00.000-04:00:00,NE-MRBTS-690513,146250,629981,,,,,,,,,,,,
2025-05-06T15:30:00.000-04:00:00,NE-MRBTS-690513,146250,630027,,,,,,,,,,,,
2025-05-06T16:00:00.000-04:00:00,NE-MRBTS-690513,146250,630035,,,,,,,,,,,,
2025-05-06T16:15:00.000-04:00:00,NE-MRBTS-690513,146250,629973,,,,,,,,,,,,
2025-05-06T16:30:00.000-04:00:00,NE-MRBTS-690513,146250,630027,,,,,,,,,,,,
2025-05-06T17:00:00.000-04:00:00,NE-MRBTS-690513,146250,629995,,,,,,,,,,,,
2025-05-06T17:15:00.000-04:00:00,NE-MRBTS-690513,146250,630013,,,,,,,,,,,,
2025-05-06T17:30:00.000-04:00:00,NE-MRBTS-690513,146250,629971,,,,,,,,,,,,
2025-05-06T18:00:00.000-04:00:00,NE-MRBTS-690513,146250,629971,,,,,,,,,,,,
2025-05-06T18:15:00.000-04:00:00,NE-MRBTS-690513,146250,630037,,,,,,,,,,,,
2025-05-06T18:30:00.000-04:00:00,NE-MRBTS-690513,146250,629971,,,,,,,,,,,,
2025-05-06T19:00:00.000-04:00:00,NE-MRBTS-690513,146250,629995,,,,,,,,,,,,
2025-05-06T19:15:00.000-04:00:00,NE-MRBTS-690513,146250,629981,,,,,,,,,,,,
2025-05-06T19:30:00.000-04:00:00,NE-MRBTS-690513,146250,630027,,,,,,,,,,,,
2025-05-06T20:00:00.000-04:00:00,NE-MRBTS-690513,146250,630035,,,,,,,,,,,,
2025-05-06T20:15:00.000-04:00:00,NE-MRBTS-690513,146250,629973,,,,,,,,,,,,
2025-05-06T20:30:00.000-04:00:00,NE-MRBTS-690513,146250,630027,,,,,,,,,,,,
2025-05-06T21:00:00.000-04:00:00,NE-MRBTS-690513,146250,629995,,,,,,,,,,,,
2025-05-06T21:15:00.000-04:00:00,NE-MRBTS-690513,146250,630013,,,,,,,,,,,,
2025-05-06T21:30:00.000-04:00:00,NE-MRBTS-690513,146250,629971,,,,,,,,,,,,
2025-05-06T22:00:00.000-04:00:00,NE-MRBTS-690513,146250,629971,,,,,,,,,,,,
2025-05-06T22:15:00.000-04:00:00,NE-MRBTS-690513,146250,630037,,,,,,,,,,,,
2025-05-06T22:30:00.000-04:00:00,NE-MRBTS-690513,146250,629971,,,,,,,,,,,,
2025-05-06T23:00:00.000-04:00:00,NE-MRBTS-690513,146250,629995,,,,,,,,,,,,
2025-05-06T23:15:00.000-04:00:00,NE-MRBTS-690513,146250,629981,,,,,,,,,,,,
2025-05-06T23:30:00.000-04:00:00,NE-MRBTS-690513,146250,630027,,,,,,,,,,,,
2025-05-07T00:00:00.000-04:00:00,NE-MRBTS-690513,146250,630035,,,,,,,,,,,,
2025-05-07T00:15:00.000-04:00:00,NE-MRBTS-690513,146250,629973,,,,,,,,,,,,
2025-05-07T00:30:00.000-04:00:00,NE-MRBTS-690513,146250,630027,,,,,,,,,,,,
2025-05-07T01:00:00.000-04:00:00,NE-MRBTS-690513,146250,629995,,,,,,,,,,,,
2025-05-07T01:15:00.000-04:00:00,NE-MRBTS-690513,146250,630013,,,,,,,,,,,,
2025-05-07T01:30:00.000-04:00:00,NE-MRBTS-690513,146250,629971,,,,,,,,,,,,
2025-05-07T02:00:00.000-04:00:00,NE-MRBTS-690513,146250,629971,,,,,,,,,,,,
2025-05-07T02:15:00.000-04:00:00,NE-MRBTS-690513,146250,630037,,,,,,,,,,,,
2025-05-07T02:30:00.000-04:00:00,NE-MRBTS-690513,146250,629971,,,,,,,,,,,,
2025-05-07T03:00:00.000-04:00:00,NE-MRBTS-690513,146250,629995,,,,,,,,,,,,
2025-05-07T03:15:00.000-04:00:00,NE-MRBTS-690513,146250,629981,,,,,,,,,,,,
2025-05-07T03:30:00.000-04:00:00,NE-MRBTS-690513,146250,630027,,,,,,,,,,,,
2025-05-07T04:00:00.000-04:00:00,NE-MRBTS-690513,146250,630035,,,,,,,,,,,,
2025-05-07T04:15:00.000-04:00:00,NE-MRBTS-690513,146250,629973,,,,,,,,,,,,
2025-05-07T04:30:00.000-04:00:00,NE-MRBTS-690513,146250,630027,,,,,,,,,,,,
2025-05-07T05:00:00.000-04:00:00,NE-MRBTS-690513,146250,629995,,,,,,,,,,,,
2025-05-07T05:15:00.000-04:00:00,NE-MRBTS-690513,146250,630013,,,,,,,,,,,,
2025-05-07T05:30:00.000-04:00:00,NE-MRBTS-690513,146250,629971,,,,,,,,,,,,
2025-05-07T06:00:00.000-04:00:00,NE-MRBTS-690513,146250,629971,,,,,,,,,,,,
2025-05-07T06:15:00.000-04:00:00,NE-MRBTS-690513,146250,630037,,,,,,,,,,,,
2025-05-07T06:30:00.000-04:00:00,NE-MRBTS-690513,146250,629971,,,,,,,,,,,,
2025-05-07T07:00:00.000-04:00:00,NE-MRBTS-690513,146250,629995,,,,,,,,,,,,
2025-05-07T07:15:00.000-04:00:00,NE-MRBTS-690513,146250,629981,,,,,,,,,,,,
2025-05-07T07:30:00.000-04:00:00,NE-MRBTS-690513,146250,630027,,,,,,,,,,,,
2025-05-07T08:00:00.000-04:00:00,NE-MRBTS-690513,146250,630035,,,,,,,,,,,,
2025-05-07T08:15:00.000-04:00:00,NE-MRBTS-690513,146250,629973,,,,,,,,,,,,
2025-05-07T08:30:00.000-04:00:00,NE-MRBTS-690513,146250,630027,,,,,,,,,,,,
2025-05-07T09:00:00.000-04:00:00,NE-MRBTS-690513,146250,629995,,,,,,,,,,,,
2025-05-07T09:15:00.000-04:00:00,NE-MRBTS-690513,146250,630013,,,,,,,,,,,,
2025-05-07T09:30:00.000-04:00:00,NE-MRBTS-690513,146250,629971,,,,,,,,,,,,
2025-05-07T10:00:00.000-04:00:00,NE-MRBTS-690513,146250,629971,,,,,,,,,,,,
2025-05-07T10:15:00.000-04:00:00,NE-MRBTS-690513,146250,630037,,,,,,,,,,,,
2025-05-07T10:30:00.000-04:00:00,NE-MRBTS-690513,146250,629971,,,,,,,,,,,,
2025-05-07T11:00:00.000-04:00:00,NE-MRBTS-690513,146250,629995,,,,,,,,,,,,
2025-05-07T11:15:00.000-04:00:00,NE-MRBTS-690513,146250,629981,,,,,,,,,,,,
2025-05-07T11:30:00.000-04:00:00,NE-MRBTS-690513,146250,630027,,,,,,,,,,,,
2025-05-07T12:00:00.000-04:00:00,NE-MRBTS-690513,146250,630035,,,,,,,,,,,,
2025-05-07T12:15:00.000-04:00:00,NE-MRBTS-690513,146250,629973,,,,,,,,,,,,
2025-05-07T12:30:00.000-04:00:00,NE-MRBTS-690513,146250,630027,,,,,,,,,,,,
2025-05-07T13:00:00.000-04:00:00,NE-MRBTS-690513,146250,629995,,,,,,,,,,,,
2025-05-07T13:15:00.000-04:00:00,NE-MRBTS-690513,146250,630013,,,,,,,,,,,,
2025-05-07T13:30:00.000-04:00:00,NE-MRBTS-690513,146250,629971,,,,,,,,,,,,
2025-05-07T14:00:00.000-04:00:00,NE-MRBTS-690513,146250,629971,,,,,,,,,,,,
2025-05-07T14:15:00.000-04:00:00,NE-MRBTS-690513,146250,630037,,,,,,,,,,,,
2025-05-07T14:30:00.000-04:00:00,NE-MRBTS-690513,146250,629971,,,,,,,,,,,,
2025-05-07T15:00:00.000-04:00:00,NE-MRBTS-690513,146250,629995,,,,,,,,,,,,
2025-05-07T15:15:00.000-04:00:00,NE-MRBTS-690513,146250,629981,,,,,,,,,,,,
2025-05-07T15:30:00.000-04:00:00,NE-MRBTS-690513,146250,630027,,,,,,,,,,,,
2025-05-07T16:00:00.000-04:00:00,NE-MRBTS-690513,146250,630035,,,,,,,,,,,,
2025-05-07T16:15:00.000-04:00:00,NE-MRBTS-690513,146250,629973,,,,,,,,,,,,
2025-05-07T16:30:00.000-04:00:00,NE-MRBTS-690513,146250,630027,,,,,,,36.0,,8.0,,4.0,
2025-05-07T17:00:00.000-04:00:00,NE-MRBTS-690513,146250,629995,,,,,,,,,,,,
2025-05-07T17:15:00.000-04:00:00,NE-MRBTS-690513,146250,630013,,,,,,,40.0,,8.0,,5.0,
2025-05-07T17:30:00.000-04:00:00,NE-MRBTS-690513,146250,629971,,,,,,,,,,,,
2025-05-07T18:00:00.000-04:00:00,NE-MRBTS-690513,146250,629971,,,,,,,,,,,,
2025-05-07T18:15:00.000-04:00:00,NE-MRBTS-690513,146250,630037,,,,,,,,,,,,
2025-05-07T18:30:00.000-04:00:00,NE-MRBTS-690513,146250,629971,,,,,,,,,,,,
2025-05-07T19:00:00.000-04:00:00,NE-MRBTS-690513,146250,629995,,,,,,,,,,,,
2025-05-07T19:15:00.000-04:00:00,NE-MRBTS-690513,146250,629981,,,,,,,,,,,,
2025-05-07T19:30:00.000-04:00:00,NE-MRBTS-690513,146250,630027,,,,,,,,,,,,
2025-05-07T20:00:00.000-04:00:00,NE-MRBTS-690513,146250,630035,,,,,,,,,,,,
2025-05-07T20:15:00.000-04:00:00,NE-MRBTS-690513,146250,629973,,,,,,,,,,,,
2025-05-07T20:30:00.000-04:00:00,NE-MRBTS-690513,146250,630027,,,,,,,,,,,,
2025-05-07T21:00:00.000-04:00:00,NE-MRBTS-690513,146250,629995,,,,,,,,,,,,
2025-05-07T21:15:00.000-04:00:00,NE-MRBTS-690513,146250,630013,,,,,,,,,,,,
2025-05-07T21:30:00.000-04:00:00,NE-MRBTS-690513,146250,629971,,,,,,,,,,,,
2025-05-07T22:00:00.000-04:00:00,NE-MRBTS-690513,146250,629971,,,,,,,,,,,,
2025-05-07T22:15:00.000-04:00:00,NE-MRBTS-690513,146250,630037,,,,,,,,,,,,
2025-05-07T22:30:00.000-04:00:00,NE-MRBTS-690513,146250,629971,,,,,,,,,,,,
2025-05-07T23:00:00.000-04:00:00,NE-MRBTS-690513,146250,629995,,,,,,,,,,,,
2025-05-07T23:15:00.000-04:00:00,NE-MRBTS-690513,146250,629981,,,,,,,,,,,,
2025-05-07T23:30:00.000-04:00:00,NE-MRBTS-690513,146250,630027,,,,,,,,,,,,
2025-05-08T00:00:00.000-04:00:00,NE-MRBTS-690513,146250,630035,,,,,,,,,,,,
2025-05-08T00:15:00.000-04:00:00,NE-MRBTS-690513,146250,629973,,,,,,,,,,,,
2025-05-08T00:30:00.000-04:00:00,NE-MRBTS-690513,146250,630027,,,,,,,,,,,,
2025-05-08T01:00:00.000-04:00:00,NE-MRBTS-690513,146250,629995,,,,,,,,,,,,
2025-05-08T01:15:00.000-04:00:00,NE-MRBTS-690513,146250,630013,,,,,,,,,,,,
2025-05-08T01:30:00.000-04:00:00,NE-MRBTS-690513,146250,629971,,,,,,,,,,,,
2025-05-08T02:00:00.000-04:00:00,NE-MRBTS-690513,146250,629971,,,,,,,,,,,,
2025-05-08T02:15:00.000-04:00:00,NE-MRBTS-690513,146250,630037,,,,,,,,,,,,
2025-05-08T02:30:00.000-04:00:00,NE-MRBTS-690513,146250,629971,,,,,,,,,,,,
2025-05-08T03:00:00.000-04:00:00,NE-MRBTS-690513,146250,629995,,,,,,,,,,,,
2025-05-08T03:15:00.000-04:00:00,NE-MRBTS-690513,146250,629981,,,,,,,,,,,,
2025-05-08T03:30:00.000-04:00:00,NE-MRBTS-690513,146250,630027,,,,,,,,,,,,
2025-05-08T04:00:00.000-04:00:00,NE-MRBTS-690513,146250,630035,,,,,,,,,,,,
2025-05-08T04:15:00.000-04:00:00,NE-MRBTS-690513,146250,629973,,,,,,,,,,,,
2025-05-08T04:30:00.000-04:00:00,NE-MRBTS-690513,146250,630027,,,,,,,,,,,,
2025-05-08T05:00:00.000-04:00:00,NE-MRBTS-690513,146250,629995,,,,,,,,,,,,
2025-05-08T05:15:00.000-04:00:00,NE-MRBTS-690513,146250,630013,,,,,,,,,,,,
2025-05-08T05:30:00.000-04:00:00,NE-MRBTS-690513,146250,629971,,,,,,,,,,,,
2025-05-08T06:00:00.000-04:00:00,NE-MRBTS-690513,146250,629971,,,,,,,,,,,,
2025-05-08T06:15:00.000-04:00:00,NE-MRBTS-690513,146250,630037,,,,,,,43.0,,10.0,,5.0,
2025-05-08T06:30:00.000-04:00:00,NE-MRBTS-690513,146250,629971,,,,,,,,,,,,
2025-05-08T07:00:00.000-04:00:00,NE-MRBTS-690513,146250,629995,,,,,,,,,,,,
2025-05-08T07:15:00.000-04:00:00,NE-MRBTS-690513,146250,629981,,,,,,,,,,,,
2025-05-08T07:30:00.000-04:00:00,NE-MRBTS-690513,146250,630027,,,,,,,,,,,,
2025-05-08T08:00:00.000-04:00:00,NE-MRBTS-690513,146250,630035,,,,,,,,,,,,
2025-05-08T08:15:00.000-04:00:00,NE-MRBTS-690513,146250,629973,,,,,,,,,,,,
2025-05-08T08:30:00.000-04:00:00,NE-MRBTS-690513,146250,630027,,,,,,,,,,,,
2025-05-08T09:00:00.000-04:00:00,NE-MRBTS-690513,146250,629995,,,,,,,,,,,,
2025-05-08T09:15:00.000-04:00:00,NE-MRBTS-690513,146250,630013,,,,,,,,,,,,
2025-05-08T09:30:00.000-04:00:00,NE-MRBTS-690513,146250,629971,,,,,,,,,,,,
2025-05-08T10:00:00.000-04:00:00,NE-MRBTS-690513,146250,629971,,,,,,,,,,,,
2025-05-08T10:15:00.000-04:00:00,NE-MRBTS-690513,146250,630037,,,,,,,,,,,,
2025-05-08T10:30:00.000-04:00:00,NE-MRBTS-690513,146250,629971,,,,,,,,,,,,
2025-05-08T11:00:00.000-04:00:00,NE-MRBTS-690513,146250,629995,,,,,,,,,,,,
2025-05-08T11:15:00.000-04:00:00,NE-MRBTS-690513,146250,629981,,,,,,,,,,,,
2025-05-08T11:30:00.000-04:00:00,NE-MRBTS-690513,146250,630027,,,,,,,,,,,,
2025-05-08T12:00:00.000-04:00:00,NE-MRBTS-690513,146250,630035,,,,,,,,,,,,
2025-05-08T12:15:00.000-04:00:00,NE-MRBTS-690513,146250,629973,,,,,,,,,,,,
2025-05-08T12:30:00.000-04:00:00,NE-MRBTS-690513,146250,630027,,,,,,,,,,,,
2025-05-08T13:00:00.000-04:00:00,NE-MRBTS-690513,146250,629995,,,,,,,,,,,,
2025-05-08T13:15:00.000-04:00:00,NE-MRBTS-690513,146250,630013,,,,,,,,,,,,
2025-05-08T13:30:00.000-04:00:00,NE-MRBTS-690513,146250,629971,,,,,,,,,,,,
2025-05-08T14:00:00.000-04:00:00,NE-MRBTS-690513,146250,629971,,,,,,,,,,,,
2025-05-08T14:15:00.000-04:00:00,NE-MRBTS-690513,146250,630037,,,,,,,,,,,,
2025-05-08T14:30:00.000-04:00:00,NE-MRBTS-690513,146250,629971,,,,,,,,,,,,
2025-05-08T15:00:00.000-04:00:00,NE-MRBTS-690513,146250,629995,,,,,,,,,,,,
2025-05-08T15:15:00.000-04:00:00,NE-MRBTS-690513,146250,629981,,,,,,,,,,,,
2025-05-08T15:30:00.000-04:00:00,NE-MRBTS-690513,146250,630027,,,,,,,,,,,,
2025-05-06T15:00:00.000-03:00:00,NE-MRBTS-771801,146250,629976,,,,,,,,,,,,
2025-05-06T15:15:00.000-03:00:00,NE-MRBTS-771801,146250,630000,,,,,,,,,,,,
2025-05-06T15:30:00.000-03:00:00,NE-MRBTS-771801,146250,630008,,,,,,,,,,,,
2025-05-06T16:00:00.000-03:00:00,NE-MRBTS-771801,146250,630040,,,,,,,,,,,,
2025-05-06T16:15:00.000-03:00:00,NE-MRBTS-771801,146250,629968,,,,,,,,,,,,
2025-05-06T16:30:00.000-03:00:00,NE-MRBTS-771801,146250,630040,,,,,,,,,,,,
2025-05-06T17:00:00.000-03:00:00,NE-MRBTS-771801,146250,630024,,,,,,,,,,,,
2025-05-06T17:15:00.000-03:00:00,NE-MRBTS-771801,146250,629984,,,,,,,,,,,,
2025-05-06T17:30:00.000-03:00:00,NE-MRBTS-771801,146250,629992,,,,,,,,,,,,
2025-05-06T18:00:00.000-03:00:00,NE-MRBTS-771801,146250,629976,,,,,,,,,,,,
2025-05-06T18:15:00.000-03:00:00,NE-MRBTS-771801,146250,630032,,,,,,,,,,,,
2025-05-06T18:30:00.000-03:00:00,NE-MRBTS-771801,146250,629976,,,,,,,,,,,,
2025-05-06T19:00:00.000-03:00:00,NE-MRBTS-771801,146250,629976,,,,,,,,,,,,
2025-05-06T19:15:00.000-03:00:00,NE-MRBTS-771801,146250,630000,,,,,,,,,,,,
2025-05-06T19:30:00.000-03:00:00,NE-MRBTS-771801,146250,630008,,,,,,,,,,,,
2025-05-06T20:00:00.000-03:00:00,NE-MRBTS-771801,146250,630040,,,,,,,,,,,,
2025-05-06T20:15:00.000-03:00:00,NE-MRBTS-771801,146250,629968,,,,,,,,,,,,
2025-05-06T20:30:00.000-03:00:00,NE-MRBTS-771801,146250,630040,,,,,,,,,,,,
2025-05-06T21:00:00.000-03:00:00,NE-MRBTS-771801,146250,630024,,,,,,,,,,,,
2025-05-06T21:15:00.000-03:00:00,NE-MRBTS-771801,146250,629984,,,,,,,,,,,,
2025-05-06T21:30:00.000-03:00:00,NE-MRBTS-771801,146250,629992,,,,,,,,,,,,
2025-05-06T22:00:00.000-03:00:00,NE-MRBTS-771801,146250,629976,,,,,,,,,,,,
2025-05-06T22:15:00.000-03:00:00,NE-MRBTS-771801,146250,630032,,,,,,,,,,,,
2025-05-06T22:30:00.000-03:00:00,NE-MRBTS-771801,146250,629976,,,,,,,,,,,,
2025-05-06T23:00:00.000-03:00:00,NE-MRBTS-771801,146250,629976,,,,,,,,,,,,
2025-05-06T23:15:00.000-03:00:00,NE-MRBTS-771801,146250,630000,,,,,,,,,,,,
2025-05-06T23:30:00.000-03:00:00,NE-MRBTS-771801,146250,630008,,,,,,,,,,,,
2025-05-07T00:00:00.000-03:00:00,NE-MRBTS-771801,146250,630040,,,,,,,,,,,,
2025-05-07T00:15:00.000-03:00:00,NE-MRBTS-771801,146250,629968,,,,,,,,,,,,
2025-05-07T00:30:00.000-03:00:00,NE-MRBTS-771801,146250,630040,,,,,,,,,,,,
2025-05-07T01:00:00.000-03:00:00,NE-MRBTS-771801,146250,630024,,,,,,,,,,,,
2025-05-07T01:15:00.000-03:00:00,NE-MRBTS-771801,146250,629984,,,,,,,,,,,,
2025-05-07T01:30:00.000-03:00:00,NE-MRBTS-771801,146250,629992,,,,,,,,,,,,
2025-05-07T02:00:00.000-03:00:00,NE-MRBTS-771801,146250,629976,,,,,,,,,,,,
2025-05-07T02:15:00.000-03:00:00,NE-MRBTS-771801,146250,630032,,,,,,,,,,,,
2025-05-07T02:30:00.000-03:00:00,NE-MRBTS-771801,146250,629976,,,,,,,,,,,,
2025-05-07T03:00:00.000-03:00:00,NE-MRBTS-771801,146250,629976,,,,,,,,,,,,
2025-05-07T03:15:00.000-03:00:00,NE-MRBTS-771801,146250,630000,,,,,,,,,,,,
2025-05-07T03:30:00.000-03:00:00,NE-MRBTS-771801,146250,630008,,,,,,,,,,,,
2025-05-07T04:00:00.000-03:00:00,NE-MRBTS-771801,146250,630040,,,,,,,,,,,,
2025-05-07T04:15:00.000-03:00:00,NE-MRBTS-771801,146250,629968,,,,,,,,,,,,
2025-05-07T04:30:00.000-03:00:00,NE-MRBTS-771801,146250,630040,,,,,,,,,,,,
2025-05-07T05:00:00.000-03:00:00,NE-MRBTS-771801,146250,630024,,,,,,,,,,,,
2025-05-07T05:15:00.000-03:00:00,NE-MRBTS-771801,146250,629984,,,,,,,,,,,,
2025-05-07T05:30:00.000-03:00:00,NE-MRBTS-771801,146250,629992,,,,,,,,,,,,
2025-05-07T06:00:00.000-03:00:00,NE-MRBTS-771801,146250,629976,,,,,,,,,,,,
2025-05-07T06:15:00.000-03:00:00,NE-MRBTS-771801,146250,630032,,,,,,,,,,,,
2025-05-07T06:30:00.000-03:00:00,NE-MRBTS-771801,146250,629976,,,,,,,,,,,,
2025-05-07T07:00:00.000-03:00:00,NE-MRBTS-771801,146250,629976,,,,,,,,,,,,
2025-05-07T07:15:00.000-03:00:00,NE-MRBTS-771801,146250,630000,,,,,,,,,,,,
2025-05-07T07:30:00.000-03:00:00,NE-MRBTS-771801,146250,630008,,,,,,,,,,,,
2025-05-07T08:00:00.000-03:00:00,NE-MRBTS-771801,146250,630040,,,,,,,,,,,,
2025-05-07T08:15:00.000-03:00:00,NE-MRBTS-771801,146250,629968,,,,,,,,,,,,
2025-05-07T08:30:00.000-03:00:00,NE-MRBTS-771801,146250,630040,,,,,,,,,,,,
2025-05-07T09:00:00.000-03:00:00,NE-MRBTS-771801,146250,630024,,,,,,,,,,,,
2025-05-07T09:15:00.000-03:00:00,NE-MRBTS-771801,146250,629984,,,,,,,,,,,,
2025-05-07T09:30:00.000-03:00:00,NE-MRBTS-771801,146250,629992,,,,,,,,,,,,
2025-05-07T10:00:00.000-03:00:00,NE-MRBTS-771801,146250,629976,,,,,,,,,,,,
2025-05-07T10:15:00.000-03:00:00,NE-MRBTS-771801,146250,630032,,,,,,,,,,,,
2025-05-07T10:30:00.000-03:00:00,NE-MRBTS-771801,146250,629976,,,,,,,,,,,,
2025-05-07T11:00:00.000-03:00:00,NE-MRBTS-771801,146250,629976,,,,,,,,,,,,
2025-05-07T11:15:00.000-03:00:00,NE-MRBTS-771801,146250,630000,,,,,,,,,,,,
2025-05-07T11:30:00.000-03:00:00,NE-MRBTS-771801,146250,630008,,,,,,,,,,,,
2025-05-07T12:00:00.000-03:00:00,NE-MRBTS-771801,146250,630040,,,,,,,,,,,,
2025-05-07T12:15:00.000-03:00:00,NE-MRBTS-771801,146250,629968,,,,,,,,,,,,
2025-05-07T12:30:00.000-03:00:00,NE-MRBTS-771801,146250,630040,,,,,,,,,,,,
2025-05-07T13:00:00.000-03:00:00,NE-MRBTS-771801,146250,630024,,,,,,,,,,,,
2025-05-07T13:15:00.000-03:00:00,NE-MRBTS-771801,146250,629984,,,,,,,,,,,,
2025-05-07T13:30:00.000-03:00:00,NE-MRBTS-771801,146250,629992,,,,,,,,,,,,
2025-05-07T14:00:00.000-03:00:00,NE-MRBTS-771801,146250,629976,,,,,,,,,,,,
2025-05-07T14:15:00.000-03:00:00,NE-MRBTS-771801,146250,630032,,,,,,,,,,,,
2025-05-07T14:30:00.000-03:00:00,NE-MRBTS-771801,146250,629976,,,,,,,,,,,,
2025-05-07T15:00:00.000-03:00:00,NE-MRBTS-771801,146250,629976,,,,,,,,,,,,
2025-05-07T15:15:00.000-03:00:00,NE-MRBTS-771801,146250,630000,,,,,,,,,,,,
2025-05-07T15:30:00.000-03:00:00,NE-MRBTS-771801,146250,630008,,,,,,,,,,,,
2025-05-07T16:00:00.000-03:00:00,NE-MRBTS-771801,146250,630040,,,,,,,,,,,,
2025-05-07T16:15:00.000-03:00:00,NE-MRBTS-771801,146250,629968,,,,,,,,,,,,
2025-05-07T16:30:00.000-03:00:00,NE-MRBTS-771801,146250,630040,,,,,,,,,,,,
2025-05-07T17:00:00.000-03:00:00,NE-MRBTS-771801,146250,630024,,,,,,,,,,,,
2025-05-07T17:15:00.000-03:00:00,NE-MRBTS-771801,146250,629984,,,,,,,,,,,,
2025-05-07T17:30:00.000-03:00:00,NE-MRBTS-771801,146250,629992,,,,,,,50.0,,12.0,,6.0,
2025-05-07T18:00:00.000-03:00:00,NE-MRBTS-771801,146250,629976,,,,,,,,,,,,
2025-05-07T18:15:00.000-03:00:00,NE-MRBTS-771801,146250,630032,,,,,,,43.0,,10.0,,5.0,
2025-05-07T18:30:00.000-03:00:00,NE-MRBTS-771801,146250,629976,,,,,,,,,,,,
2025-05-07T19:00:00.000-03:00:00,NE-MRBTS-771801,146250,629976,,,,,,,,,,,,
2025-05-07T19:15:00.000-03:00:00,NE-MRBTS-771801,146250,630000,,,,,,,,,,,,
2025-05-07T19:30:00.000-03:00:00,NE-MRBTS-771801,146250,630008,,,,,,,,,,,,
2025-05-07T20:00:00.000-03:00:00,NE-MRBTS-771801,146250,630040,,,,,,,,,,,,
2025-05-07T20:15:00.000-03:00:00,NE-MRBTS-771801,146250,629968,,,,,,,,,,,,
2025-05-07T20:30:00.000-03:00:00,NE-MRBTS-771801,146250,630040,,,,,,,,,,,,
2025-05-07T21:00:00.000-03:00:00,NE-MRBTS-771801,146250,630024,,,,,,,,,,,,
2025-05-07T21:15:00.000-03:00:00,NE-MRBTS-771801,146250,629984,,,,,,,,,,,,
2025-05-07T21:30:00.000-03:00:00,NE-MRBTS-771801,146250,629992,,,,,,,,,,,,
2025-05-07T22:00:00.000-03:00:00,NE-MRBTS-771801,146250,629976,,,,,,,,,,,,
2025-05-07T22:15:00.000-03:00:00,NE-MRBTS-771801,146250,630032,,,,,,,,,,,,
2025-05-07T22:30:00.000-03:00:00,NE-MRBTS-771801,146250,629976,,,,,,,,,,,,
2025-05-07T23:00:00.000-03:00:00,NE-MRBTS-771801,146250,629976,,,,,,,,,,,,
2025-05-07T23:15:00.000-03:00:00,NE-MRBTS-771801,146250,630000,,,,,,,,,,,,
2025-05-07T23:30:00.000-03:00:00,NE-MRBTS-771801,146250,630008,,,,,,,,,,,,
2025-05-08T00:00:00.000-03:00:00,NE-MRBTS-771801,146250,630040,,,,,,,,,,,,
2025-05-08T00:15:00.000-03:00:00,NE-MRBTS-771801,146250,629968,,,,,,,,,,,,
2025-05-08T00:30:00.000-03:00:00,NE-MRBTS-771801,146250,630040,,,,,,,,,,,,
2025-05-08T01:00:00.000-03:00:00,NE-MRBTS-771801,146250,630024,,,,,,,,,,,,
2025-05-08T01:15:00.000-03:00:00,NE-MRBTS-771801,146250,629984,,,,,,,,,,,,
2025-05-08T01:30:00.000-03:00:00,NE-MRBTS-771801,146250,629992,,,,,,,,,,,,
2025-05-08T02:00:00.000-03:00:00,NE-MRBTS-771801,146250,629976,,,,,,,,,,,,
2025-05-08T02:15:00.000-03:00:00,NE-MRBTS-771801,146250,630032,,,,,,,,,,,,
2025-05-08T02:30:00.000-03:00:00,NE-MRBTS-771801,146250,629976,,,,,,,,,,,,
2025-05-08T03:00:00.000-03:00:00,NE-MRBTS-771801,146250,629976,,,,,,,,,,,,
2025-05-08T03:15:00.000-03:00:00,NE-MRBTS-771801,146250,630000,,,,,,,,,,,,
2025-05-08T03:30:00.000-03:00:00,NE-MRBTS-771801,146250,630008,,,,,,,,,,,,
2025-05-08T04:00:00.000-03:00:00,NE-MRBTS-771801,146250,630040,,,,,,,,,,,,
2025-05-08T04:15:00.000-03:00:00,NE-MRBTS-771801,146250,629968,,,,,,,,,,,,
2025-05-08T04:30:00.000-03:00:00,NE-MRBTS-771801,146250,630040,,,,,,,,,,,,
2025-05-08T05:00:00.000-03:00:00,NE-MRBTS-771801,146250,630024,,,,,,,,,,,,
2025-05-08T05:15:00.000-03:00:00,NE-MRBTS-771801,146250,629984,,,,,,,,,,,,
2025-05-08T05:30:00.000-03:00:00,NE-MRBTS-771801,146250,629992,,,,,,,,,,,,
2025-05-08T06:00:00.000-03:00:00,NE-MRBTS-771801,146250,629976,,,,,,,,,,,,
2025-05-08T06:15:00.000-03:00:00,NE-MRBTS-771801,146250,630032,,,,,,,,,,,,
2025-05-08T06:30:00.000-03:00:00,NE-MRBTS-771801,146250,629976,,,,,,,,,,,,
2025-05-08T07:00:00.000-03:00:00,NE-MRBTS-771801,146250,629976,,,,,,,,,,,,
2025-05-08T07:15:00.000-03:00:00,NE-MRBTS-771801,146250,630000,,,,,,,43.0,,10.0,,5.0,
2025-05-08T07:30:00.000-03:00:00,NE-MRBTS-771801,146250,630008,,,,,,,,,,,,
2025-05-08T08:00:00.000-03:00:00,NE-MRBTS-771801,146250,630040,,,,,,,,,,,,
2025-05-08T08:15:00.000-03:00:00,NE-MRBTS-771801,146250,629968,,,,,,,,,,,,
2025-05-08T08:30:00.000-03:00:00,NE-MRBTS-771801,146250,630040,,,,,,,,,,,,
2025-05-08T09:00:00.000-03:00:00,NE-MRBTS-771801,146250,630024,,,,,,,,,,,,
2025-05-08T09:15:00.000-03:00:00,NE-MRBTS-771801,146250,629984,,,,,,,,,,,,
2025-05-08T09:30:00.000-03:00:00,NE-MRBTS-771801,146250,629992,,,,,,,,,,,,
2025-05-08T10:00:00.000-03:00:00,NE-MRBTS-771801,146250,629976,,,,,,,,,,,,
2025-05-08T10:15:00.000-03:00:00,NE-MRBTS-771801,146250,630032,,,,,,,,,,,,
2025-05-08T10:30:00.000-03:00:00,NE-MRBTS-771801,146250,629976,,,,,,,,,,,,
2025-05-08T11:00:00.000-03:00:00,NE-MRBTS-771801,146250,629976,,,,,,,,,,,,
2025-05-08T11:15:00.000-03:00:00,NE-MRBTS-771801,146250,630000,,,,,,,,,,,,
2025-05-08T11:30:00.000-03:00:00,NE-MRBTS-771801,146250,630008,,,,,,,,,,,,
2025-05-08T12:00:00.000-03:00:00,NE-MRBTS-771801,146250,630040,,,,,,,,,,,,
2025-05-08T12:15:00.000-03:00:00,NE-MRBTS-771801,146250,629968,,,,,,,,,,,,
2025-05-08T12:30:00.000-03:00:00,NE-MRBTS-771801,146250,630040,,,,,,,,,,,,
2025-05-08T13:00:00.000-03:00:00,NE-MRBTS-771801,146250,630024,,,,,,,,,,,,
2025-05-08T13:15:00.000-03:00:00,NE-MRBTS-771801,146250,629984,,,,,,,,,,,,
2025-05-08T13:30:00.000-03:00:00,NE-MRBTS-771801,146250,629992,,,,,,,,,,,,
2025-05-08T14:00:00.000-03:00:00,NE-MRBTS-771801,146250,629976,,,,,,,,,,,,
2025-05-08T14:15:00.000-03:00:00,NE-MRBTS-771801,146250,630032,,,,,,,,,,,,
2025-05-08T14:30:00.000-03:00:00,NE-MRBTS-771801,146250,629976,,,,,,,,,,,,
2025-05-08T15:00:00.000-03:00:00,NE-MRBTS-771801,146250,629976,,,,,,,,,,,,
2025-05-08T15:15:00.000-03:00:00,NE-MRBTS-771801,146250,630000,,,,,,,,,,,,
2025-05-08T15:30:00.000-03:00:00,NE-MRBTS-771801,151315,630008,2.0,1.0,240431.0,49.0,,2442.0,743.0,24344.0,228.0,418.0,,1.0
2025-05-08T16:00:00.000-03:00:00,NE-MRBTS-771801,146250,630040,,,,,,,,,,,,
2025-05-08T16:15:00.000-03:00:00,NE-MRBTS-771801,146250,629968,,,,,,,,,,,,
2025-05-08T16:30:00.000-03:00:00,NE-MRBTS-771801,146250,630040,,,,,,,,,,,,
2025-05-06T15:00:00.000-03:00:00,NE-MRBTS-690204,146250,629976,,,,,,,,,,,,
2025-05-06T15:15:00.000-03:00:00,NE-MRBTS-690204,146250,630032,,,,,,,,,,,,
2025-05-06T15:30:00.000-03:00:00,NE-MRBTS-690204,152234,629976,1.0,1.0,60723.0,3278.0,6688.0,10068.0,10678.0,28256.0,1476.0,4442.0,,
2025-05-06T16:00:00.000-03:00:00,NE-MRBTS-690204,146250,629976,,,,,,,,,,,,
2025-05-06T16:15:00.000-03:00:00,NE-MRBTS-690204,146250,630000,,,,,,,,,,,,
2025-05-06T16:30:00.000-03:00:00,NE-MRBTS-690204,146250,630008,,,,,,,,,,,,
2025-05-06T17:00:00.000-03:00:00,NE-MRBTS-690204,146250,630040,,,,,,,,,,,,
2025-05-06T17:15:00.000-03:00:00,NE-MRBTS-690204,146250,629968,,,,,,,,,,,,
2025-05-06T17:30:00.000-03:00:00,NE-MRBTS-690204,146250,630040,,,,,,,,,,,,
2025-05-06T18:00:00.000-03:00:00,NE-MRBTS-690204,146250,630024,,,,,,,,,,,,
2025-05-06T18:15:00.000-03:00:00,NE-MRBTS-690204,146250,629984,,,,,,,,,,,,
2025-05-06T18:30:00.000-03:00:00,NE-MRBTS-690204,146250,629992,,,,,,,,,,,,
2025-05-06T19:00:00.000-03:00:00,NE-MRBTS-690204,146250,629976,,,,,,,,,,,,
2025-05-06T19:15:00.000-03:00:00,NE-MRBTS-690204,146250,630032,,,,,,,,,,,,
2025-05-06T19:30:00.000-03:00:00,NE-MRBTS-690204,146250,629976,,,,,,,,,,,,
2025-05-06T20:00:00.000-03:00:00,NE-MRBTS-690204,146250,629976,,,,,,,,,,,,
2025-05-06T20:15:00.000-03:00:00,NE-MRBTS-690204,146250,630000,,,,,,,,,,,,
2025-05-06T20:30:00.000-03:00:00,NE-MRBTS-690204,146250,630008,,,,,,,,,,,,
2025-05-06T21:00:00.000-03:00:00,NE-MRBTS-690204,146250,630040,,,,,,,,,,,,
2025-05-06T21:15:00.000-03:00:00,NE-MRBTS-690204,146250,629968,,,,,,,,,,,,
2025-05-06T21:30:00.000-03:00:00,NE-MRBTS-690204,146250,630040,,,,,,,,,,,,
2025-05-06T22:00:00.000-03:00:00,NE-MRBTS-690204,146250,630024,,,,,,,,,,,,
2025-05-06T22:15:00.000-03:00:00,NE-MRBTS-690204,146250,629984,,,,,,,,,,,,
2025-05-06T22:30:00.000-03:00:00,NE-MRBTS-690204,146250,629992,,,,,,,,,,,,
2025-05-06T23:00:00.000-03:00:00,NE-MRBTS-690204,146250,629976,,,,,,,,,,,,
2025-05-06T23:15:00.000-03:00:00,NE-MRBTS-690204,146250,630032,,,,,,,,,,,,
2025-05-06T23:30:00.000-03:00:00,NE-MRBTS-690204,146250,629976,,,,,,,,,,,,
2025-05-07T00:00:00.000-03:00:00,NE-MRBTS-690204,146250,629976,,,,,,,,,,,,
2025-05-07T00:15:00.000-03:00:00,NE-MRBTS-690204,146250,630000,,,,,,,,,,,,
2025-05-07T00:30:00.000-03:00:00,NE-MRBTS-690204,146250,630008,,,,,,,,,,,,
2025-05-07T01:00:00.000-03:00:00,NE-MRBTS-690204,146250,630040,,,,,,,,,,,,
2025-05-07T01:15:00.000-03:00:00,NE-MRBTS-690204,146250,629968,,,,,,,,,,,,
2025-05-07T01:30:00.000-03:00:00,NE-MRBTS-690204,146250,630040,,,,,,,,,,,,
2025-05-07T02:00:00.000-03:00:00,NE-MRBTS-690204,146250,630024,,,,,,,,,,,,
2025-05-07T02:15:00.000-03:00:00,NE-MRBTS-690204,146250,629984,,,,,,,,,,,,
2025-05-07T02:30:00.000-03:00:00,NE-MRBTS-690204,146250,629992,,,,,,,,,,,,
2025-05-07T03:00:00.000-03:00:00,NE-MRBTS-690204,146250,629976,,,,,,,,,,,,
2025-05-07T03:15:00.000-03:00:00,NE-MRBTS-690204,146250,630032,,,,,,,,,,,,
2025-05-07T03:30:00.000-03:00:00,NE-MRBTS-690204,146250,629976,,,,,,,,,,,,
2025-05-07T04:00:00.000-03:00:00,NE-MRBTS-690204,146250,629976,,,,,,,,,,,,
2025-05-07T04:15:00.000-03:00:00,NE-MRBTS-690204,146250,630000,,,,,,,,,,,,
2025-05-07T04:30:00.000-03:00:00,NE-MRBTS-690204,149504,630008,1.0,1.0,151184.0,2538.0,6685.0,7944.0,7441.0,15240.0,623.0,1070.0,,
2025-05-07T05:00:00.000-03:00:00,NE-MRBTS-690204,146250,630040,,,,,,,,,,,,
2025-05-07T05:15:00.000-03:00:00,NE-MRBTS-690204,146250,629968,,,,,,,,,,,,
2025-05-07T05:30:00.000-03:00:00,NE-MRBTS-690204,146250,630040,,,,,,,,,,,,
2025-05-07T06:00:00.000-03:00:00,NE-MRBTS-690204,146250,630024,,,,,,,,,,,,
2025-05-07T06:15:00.000-03:00:00,NE-MRBTS-690204,146250,629984,,,,,,,,,,,,
2025-05-07T06:30:00.000-03:00:00,NE-MRBTS-690204,146250,629992,,,,,,,,,,,,
2025-05-07T07:00:00.000-03:00:00,NE-MRBTS-690204,146250,629976,,,,,,,,,,,,
2025-05-07T07:15:00.000-03:00:00,NE-MRBTS-690204,146250,630032,,,,,,,,,,,,
2025-05-07T07:30:00.000-03:00:00,NE-MRBTS-690204,146250,629976,,,,,,,,,,,,
2025-05-07T08:00:00.000-03:00:00,NE-MRBTS-690204,146250,629976,,,,,,,,,,,,
2025-05-07T08:15:00.000-03:00:00,NE-MRBTS-690204,146671,630000,1.0,1.0,1703.0,119.0,59.0,1007.0,565.0,1896.0,61.0,154.0,,
2025-05-07T08:30:00.000-03:00:00,NE-MRBTS-690204,160450,630008,1.0,1.0,961981.0,131.0,171.0,7136.0,4254.0,67520.0,487.0,162.0,,2.0
2025-05-07T09:00:00.000-03:00:00,NE-MRBTS-690204,146250,630040,,,,,,,,,,,,
2025-05-07T09:15:00.000-03:00:00,NE-MRBTS-690204,146250,629968,,,,,,,,,,,,
2025-05-07T09:30:00.000-03:00:00,NE-MRBTS-690204,146250,630040,,,,,,,,,,,,
2025-05-07T10:00:00.000-03:00:00,NE-MRBTS-690204,146250,630024,,,,,,,,,,,,
2025-05-07T10:15:00.000-03:00:00,NE-MRBTS-690204,146250,629984,,,,,,,,,,,,
2025-05-07T10:30:00.000-03:00:00,NE-MRBTS-690204,146250,629992,,,,,,,,,,,,
2025-05-07T11:00:00.000-03:00:00,NE-MRBTS-690204,146250,629976,,,,,,,,,,,,
2025-05-07T11:15:00.000-03:00:00,NE-MRBTS-690204,146250,630032,,,,,,,,,,,,
2025-05-07T11:30:00.000-03:00:00,NE-MRBTS-690204,146250,629976,,,,,,,,,,,,
2025-05-07T12:00:00.000-03:00:00,NE-MRBTS-690204,146250,629976,,,,,,,,,,,,
2025-05-07T12:15:00.000-03:00:00,NE-MRBTS-690204,146250,630000,,,,,,,,,,,,
2025-05-07T12:30:00.000-03:00:00,NE-MRBTS-690204,146250,630008,,,,,,,,,,,,
2025-05-07T13:00:00.000-03:00:00,NE-MRBTS-690204,146250,630040,,,,,,,,,,,,
2025-05-07T13:15:00.000-03:00:00,NE-MRBTS-690204,146250,629968,,,,,,,,,,,,
2025-05-07T13:30:00.000-03:00:00,NE-MRBTS-690204,146250,630040,,,,,,,,,,,,
2025-05-07T14:00:00.000-03:00:00,NE-MRBTS-690204,146250,630024,,,,,,,,,,,,
2025-05-07T14:15:00.000-03:00:00,NE-MRBTS-690204,146250,629984,,,,,,,,,,,,
2025-05-07T14:30:00.000-03:00:00,NE-MRBTS-690204,146250,629992,,,,,,,,,,,,
2025-05-07T15:00:00.000-03:00:00,NE-MRBTS-690204,146250,629976,,,,,,,,,,,,
2025-05-07T15:15:00.000-03:00:00,NE-MRBTS-690204,146250,630032,,,,,,,,,,,,
2025-05-07T15:30:00.000-03:00:00,NE-MRBTS-690204,146250,629976,,,,,,,,,,,,
2025-05-07T16:00:00.000-03:00:00,NE-MRBTS-690204,151532,629976,2.0,2.0,242045.0,213.0,123.0,3570.0,2076.0,24984.0,253.0,281.0,,1.0
2025-05-07T16:15:00.000-03:00:00,NE-MRBTS-690204,160711,630000,2.0,2.0,1082789.0,273.0,129.0,8370.0,4462.0,68896.0,648.0,489.0,,2.0
2025-05-07T16:30:00.000-03:00:00,NE-MRBTS-690204,146932,630008,,,60008.0,,,160.0,63.0,3256.0,19.0,,,
2025-05-07T17:00:00.000-03:00:00,NE-MRBTS-690204,146250,630040,,,,,,,,,,,,
2025-05-07T17:15:00.000-03:00:00,NE-MRBTS-690204,146250,629968,,,,,,,,,,,,
2025-05-07T17:30:00.000-03:00:00,NE-MRBTS-690204,149540,630040,1.0,1.0,152518.0,2540.0,6741.0,7944.0,8095.0,15288.0,691.0,1045.0,4.0,
2025-05-07T18:00:00.000-03:00:00,NE-MRBTS-690204,146250,630024,,,,,,,,,,,,
2025-05-07T18:15:00.000-03:00:00,NE-MRBTS-690204,155225,629984,2.0,2.0,297757.0,3445.0,6590.0,10143.0,9487.0,42616.0,1281.0,3392.0,5.0,
2025-05-07T18:30:00.000-03:00:00,NE-MRBTS-690204,146250,629992,,,,,,,,,,,,
2025-05-07T19:00:00.000-03:00:00,NE-MRBTS-690204,146250,629976,,,,,,,,,,,,
2025-05-07T19:15:00.000-03:00:00,NE-MRBTS-690204,146250,630032,,,,,,,,,,,,
2025-05-07T19:30:00.000-03:00:00,NE-MRBTS-690204,146250,629976,,,,,,,,,,,,
2025-05-07T20:00:00.000-03:00:00,NE-MRBTS-690204,146250,629976,,,,,,,,,,,,
2025-05-07T20:15:00.000-03:00:00,NE-MRBTS-690204,146250,630000,,,,,,,,,,,,
2025-05-07T20:30:00.000-03:00:00,NE-MRBTS-690204,146250,630008,,,,,,,,,,,,
2025-05-07T21:00:00.000-03:00:00,NE-MRBTS-690204,146250,630040,,,,,,,,,,,,
2025-05-07T21:15:00.000-03:00:00,NE-MRBTS-690204,146250,629968,,,,,,,,,,,,
2025-05-07T21:30:00.000-03:00:00,NE-MRBTS-690204,146250,630040,,,,,,,,,,,,
2025-05-07T22:00:00.000-03:00:00,NE-MRBTS-690204,146250,630024,,,,,,,,,,,,
2025-05-07T22:15:00.000-03:00:00,NE-MRBTS-690204,146250,629984,,,,,,,,,,,,
2025-05-07T22:30:00.000-03:00:00,NE-MRBTS-690204,146250,629992,,,,,,,,,,,,
2025-05-07T23:00:00.000-03:00:00,NE-MRBTS-690204,146250,629976,,,,,,,,,,,,
2025-05-07T23:15:00.000-03:00:00,NE-MRBTS-690204,146250,630032,,,,,,,,,,,,
2025-05-07T23:30:00.000-03:00:00,NE-MRBTS-690204,146250,629976,,,,,,,,,,,,
2025-05-08T00:00:00.000-03:00:00,NE-MRBTS-690204,146250,629976,,,,,,,,,,,,
2025-05-08T00:15:00.000-03:00:00,NE-MRBTS-690204,146250,630000,,,,,,,,,,,,
2025-05-08T00:30:00.000-03:00:00,NE-MRBTS-690204,146250,630008,,,,,,,,,,,,
2025-05-08T01:00:00.000-03:00:00,NE-MRBTS-690204,146250,630040,,,,,,,,,,,,
2025-05-08T01:15:00.000-03:00:00,NE-MRBTS-690204,146250,629968,,,,,,,,,,,,
2025-05-08T01:30:00.000-03:00:00,NE-MRBTS-690204,146250,630040,,,,,,,,,,,,
2025-05-08T02:00:00.000-03:00:00,NE-MRBTS-690204,146250,630024,,,,,,,,,,,,
2025-05-08T02:15:00.000-03:00:00,NE-MRBTS-690204,146250,629984,,,,,,,,,,,,
2025-05-08T02:30:00.000-03:00:00,NE-MRBTS-690204,146250,629992,,,,,,,,,,,,
2025-05-08T03:00:00.000-03:00:00,NE-MRBTS-690204,146250,629976,,,,,,,,,,,,
2025-05-08T03:15:00.000-03:00:00,NE-MRBTS-690204,146250,630032,,,,,,,,,,,,
2025-05-08T03:30:00.000-03:00:00,NE-MRBTS-690204,146250,629976,,,,,,,,,,,,
2025-05-08T04:00:00.000-03:00:00,NE-MRBTS-690204,146250,629976,,,,,,,,,,,,
2025-05-08T04:15:00.000-03:00:00,NE-MRBTS-690204,146250,630000,,,,,,,,,,,,
2025-05-08T04:30:00.000-03:00:00,NE-MRBTS-690204,146250,630008,,,,,,,,,,,,
2025-05-08T05:00:00.000-03:00:00,NE-MRBTS-690204,146250,630040,,,,,,,,,,,,
2025-05-08T05:15:00.000-03:00:00,NE-MRBTS-690204,146250,629968,,,,,,,,,,,,
2025-05-08T05:30:00.000-03:00:00,NE-MRBTS-690204,146250,630040,,,,,,,,,,,,
2025-05-08T06:00:00.000-03:00:00,NE-MRBTS-690204,146660,630024,1.0,1.0,407.0,86.0,8.0,1068.0,158.0,1968.0,50.0,127.0,,
2025-05-08T06:15:00.000-03:00:00,NE-MRBTS-690204,146250,629984,,,,,,,,,,,,
2025-05-08T06:30:00.000-03:00:00,NE-MRBTS-690204,146250,629992,,,,,,,,,,,,
2025-05-08T07:00:00.000-03:00:00,NE-MRBTS-690204,146250,629976,,,,,,,,,,,,
2025-05-08T07:15:00.000-03:00:00,NE-MRBTS-690204,149648,630032,1.0,1.0,259247.0,2297.0,1013.0,8592.0,2076.0,15520.0,360.0,1061.0,5.0,
2025-05-08T07:30:00.000-03:00:00,NE-MRBTS-690204,146250,629976,,,,,,,,,,,,
2025-05-08T08:00:00.000-03:00:00,NE-MRBTS-690204,146250,629976,,,,,,,,,,,,
2025-05-08T08:15:00.000-03:00:00,NE-MRBTS-690204,146250,630000,,,,,,,,,,,,
2025-05-08T08:30:00.000-03:00:00,NE-MRBTS-690204,146250,630008,,,,,,,,,,,,
2025-05-08T09:00:00.000-03:00:00,NE-MRBTS-690204,146250,630040,,,,,,,,,,,,
2025-05-08T09:15:00.000-03:00:00,NE-MRBTS-690204,146250,629968,,,,,,,,,,,,
2025-05-08T09:30:00.000-03:00:00,NE-MRBTS-690204,146250,630040,,,,,,,,,,,,
2025-05-08T10:00:00.000-03:00:00,NE-MRBTS-690204,146250,630024,,,,,,,,,,,,
2025-05-08T10:15:00.000-03:00:00,NE-MRBTS-690204,146250,629984,,,,,,,,,,,,
2025-05-08T10:30:00.000-03:00:00,NE-MRBTS-690204,146250,629992,,,,,,,,,,,,
2025-05-08T11:00:00.000-03:00:00,NE-MRBTS-690204,146250,629976,,,,,,,,,,,,
2025-05-08T11:15:00.000-03:00:00,NE-MRBTS-690204,146250,630032,,,,,,,,,,,,
2025-05-08T11:30:00.000-03:00:00,NE-MRBTS-690204,146250,629976,,,,,,,,,,,,
2025-05-08T12:00:00.000-03:00:00,NE-MRBTS-690204,146250,629976,,,,,,,,,,,,
2025-05-08T12:15:00.000-03:00:00,NE-MRBTS-690204,146250,630000,,,,,,,,,,,,
2025-05-08T12:30:00.000-03:00:00,NE-MRBTS-690204,146250,630008,,,,,,,,,,,,
2025-05-08T13:00:00.000-03:00:00,NE-MRBTS-690204,146250,630040,,,,,,,,,,,,
2025-05-08T13:15:00.000-03:00:00,NE-MRBTS-690204,146250,629968,,,,,,,,,,,,
2025-05-08T13:30:00.000-03:00:00,NE-MRBTS-690204,146250,630040,,,,,,,,,,,,
2025-05-08T14:00:00.000-03:00:00,NE-MRBTS-690204,146250,630024,,,,,,,,,,,,
2025-05-08T14:15:00.000-03:00:00,NE-MRBTS-690204,146250,629984,,,,,,,,,,,,
2025-05-08T14:30:00.000-03:00:00,NE-MRBTS-690204,146250,629992,,,,,,,,,,,,
2025-05-08T15:00:00.000-03:00:00,NE-MRBTS-690204,146250,629976,,,,,,,,,,,,
2025-05-08T15:15:00.000-03:00:00,NE-MRBTS-690204,146250,630032,,,,,,,,,,,,
2025-05-08T15:30:00.000-03:00:00,NE-MRBTS-690204,146250,629976,,,,,,,,,,,,
2025-05-08T16:00:00.000-03:00:00,NE-MRBTS-690204,146250,629976,,,,,,,,,,,,
2025-05-08T16:15:00.000-03:00:00,NE-MRBTS-690204,146250,630000,,,,,,,,,,,,
2025-05-08T16:30:00.000-03:00:00,NE-MRBTS-690204,146250,630008,,,,,,,,,,,,
